怪物ID,怪物类型,怪物子类型(1中立野怪2小兵3眼石4防御塔5基地6水晶7泉水8路障9侦查广播怪10NPC11血包12中立小龙13中立大龙 14-推塔小龙2召唤物,怪物名,头像图标ID,默认皮肤ID,生命值,生命增长值,法力值,法力增长值,物理攻击,物理攻击增长值,法术攻击,法术攻击增长值,物理防御,物理防御增长值,法术防御,法术防御增长值,攻击速度,攻击速度增长值,暴击率,暴击率增长值,移动速度(单位厘米每秒),视野距离,搜索范围,阵营,技能1,技能1的使用概率,技能1的施法时间,技能2,技能2的使用概率,技能2的施法时间,技能3,技能3的使用概率,技能3的施法时间,技能4,技能4的使用概率,技能4的施法时间,搜索策略（1搜人2搜怪4搜索中立方8无人也搜16战斗状态也搜敌32搜索草丛）,搜索仇恨（默认人物1000怪物1099）,搜索频率,经验值,经验范围,经验类型,回归距离,回归标志(1回归不回血2没有敌人才回归4攻击搜不到路回归),标志位（默认0全开1隐藏血条2隐藏名字4不被选中8不能转向16对友方隐藏模型32对非友方隐藏模型64显示攻击光效128显示大血条256是否开启碰撞512队友可穿1024不能被移动）,BOSS血条显示距离（0表示不会自动显示）,BOSS血条显示优先级（0表示不参与优先级排序）,小地图图标ID,可秒杀血条颜色,血条类型（0.人物1建筑2.野怪）,动态障碍类型
int,int,int,string,int,int,int,float,int,float,int,float,int,float,int,float,int,float,int,float,int,float,int,float,float,int,int,int,int,int,int,int,int,int,int,int,int,int,int,int,int,int,int,int,int,int,int,int,int,int,string,int,int
1,1,2,$测试怪,0,1039,50000000,0,0,0,0,0,0,0,0,0,0,0,1000000,0,0,0,50000,10,10,0,0,100,1000,0,10,1000,0,10,1000,0,10,1000,7,1050,1000,100,0,1,0,1,2,0,0,1,FFD306,2,
2,2,2,$木桩怪,0,1039,50000000,0,0,0,0,0,0,0,0,0,0,0,1000000,0,0,0,50000,15,15,0,39,100,1000,0,10,1000,0,10,1000,0,10,1000,7,1050,300,100,0,1,0,1,1216,0,0,2,FFD306,2,
3,1,10,$决斗旗帜,0,1065,50000000,0,0,0,0,0,0,0,0,0,0,0,1000000,0,0,0,50000,10,10,0,0,100,1000,0,10,1000,0,10,1000,0,10,1000,7,1050,1000,100,0,1,0,1,15,0,0,1,FFD306,2,
10003,2,2,测试怪,0,1039,5000,0,0,0,0,0,0,0,0,0,0,0,1000000,0,0,0,50000,15,15,0,39,100,1000,0,10,1000,0,10,1000,0,10,1000,7,1050,300,100,0,1,0,1,1216,0,0,10003,FFD306,2,
1001,2,5,$泰坦核晶,1,1102,655000,0,0,0,0,0,0,0,,,0,0,1000000,0,0,0,50000,20,15,0,0,100,1000,0,10,1000,0,10,1000,0,10,1000,7,1110,1000,100,0,1,0,1,1482,12,7,1001,FFD306,1,
1002,2,6,$魔能水晶,1,1103,280000,0,0,0,0,0,0,0,0,0,0,0,1000000,0,0,0,50000,20,15,0,531,100,1000,0,10,1000,0,10,1000,0,10,1000,7,1110,1000,100,0,1,0,1,1482,12,6,1002,FFD306,1,
1003,2,4,$核晶近卫塔,1,1101,280000,0,0,0,15000,0,0,0,0,0,2000,0,1000000,0,0,0,50000,20,15,0,66,100,1000,531,0,0,0,10,1000,0,10,1000,7,1840,300,100,0,1,0,1,1482,15,5,1003,FFD306,1,
1004,2,4,$核晶防御一塔,1,1101,315000,0,0,0,17400,0,0,0,0,0,2000,0,1000000,0,0,0,50000,20,15,0,66,100,1200,531,0,0,0,10,1000,0,10,1000,7,1840,300,100,0,1,0,1,1482,15,2,1004,FFD306,1,
1005,2,4,$核晶防御二塔,1,1101,305000,0,0,0,19500,0,0,0,0,0,2000,0,1000000,0,0,0,50000,20,15,0,66,100,1200,531,0,0,0,10,1000,0,10,1000,7,1840,300,100,0,1,0,1,1482,18,3,1005,FFD306,1,
1006,2,4,$核晶防御三塔,1,1101,435000,0,0,0,22000,0,0,0,0,0,2000,0,1000000,0,0,0,50000,20,15,0,66,100,1000,531,0,0,0,10,1000,0,10,1000,7,1840,300,100,0,1,0,1,1482,18,4,1006,FFD306,1,
1010,1,2,$骷髅战士,21,1037,45000,1800,0,0,1700,65,0,0,0,0,0,0,1000000,0,0,0,45000,17,10,0,39,100,1000,0,10,1000,0,10,1000,0,10,1000,7,2020,1000,100,0,1,0,1,67117122,0,0,1010,FFD306,2,
1011,1,2,$骷髅弓兵,20,1040,30000,1100,0,0,1700,65,0,0,0,0,0,0,1000000,0,0,0,45000,17,10,0,40,100,1000,0,10,1000,0,10,1000,0,10,1000,7,2010,1000,100,0,1,0,1,67117122,0,0,1011,FFD306,2,
1012,1,2,$部落斧男,19,1079,75000,2900,0,0,3400,130,0,0,0,0,0,0,1000000,0,0,0,45000,17,10,0,63,100,1000,0,10,1000,0,10,1000,0,10,1000,7,2020,1000,100,0,1,0,1,67117122,0,0,1012,FFD306,2,
1013,1,2,$强化骷髅战士,21,1037,54000,2160,0,0,2040,78,0,0,0,0,0,0,1000000,0,0,0,45000,17,10,0,39,100,1000,0,10,1000,0,10,1000,0,10,1000,7,2020,1000,100,0,1,0,1,67117122,0,0,1013,FFD306,2,
1014,1,2,$强化骷髅弓兵,20,1040,36000,1320,0,0,2040,78,0,0,0,0,0,0,1000000,0,0,0,45000,17,10,0,40,100,1000,0,10,1000,0,10,1000,0,10,1000,7,2010,1000,100,0,1,0,1,67117122,0,0,1014,FFD306,2,
1015,1,2,$合金锤男,18,1036,131000,5000,0,0,11900,455,0,0,10000,0,0,0,1000000,0,0,0,45000,17,10,0,63,100,1000,0,10,1000,0,10,1000,0,10,1000,7,2020,1000,100,0,1,0,1,67117122,0,0,1015,FFD306,2,
1016,1,13,$深渊泰坦,3,1013,1238700,34000,0,0,17000,680,0,0,3800,0,7100,0,1000000,0,0,0,50000,32,32,0,80,100,1000,1146,0,2000,0,0,1000,0,0,1000,32,1050,1000,100,0,1,12,0,6338,24,1,0,FFD306,1,
1017,1,12,$魔晶蓝龙,4,1001,429000,54600,0,0,6500,410,0,0,3800,0,7100,0,1000000,0,0,0,50000,32,32,0,858,100,1000,1146,0,2000,0,0,1000,0,0,1000,32,1050,1000,100,0,1,12,0,6338,24,1,0,FFD306,1,
1018,1,1,$奇幻丛林绯红树怪,10,1031,139500,4000,0,0,1000,30,0,0,0,0,0,0,1000000,0,0,0,50000,32,32,0,562,100,1000,48,10,1000,0,10,1000,0,10,1000,32,1050,1000,100,0,1,12,0,194,0,0,0,FFD306,2,
1019,1,1,$绯红树怪幼年,10,1035,34800,1000,0,0,200,10,0,0,0,0,0,0,1000000,0,0,0,50000,32,32,0,43,100,1000,0,10,1000,0,10,1000,0,10,1000,32,1050,1000,100,0,1,12,0,66,0,0,0,FFD306,2,
1020,1,1,$古龙顶蔚蓝魔兽,11,1030,139500,4000,0,0,1000,30,0,0,0,0,0,0,1000000,0,0,0,50000,32,32,0,563,100,1000,44,10,1000,0,10,1000,0,10,1000,32,1050,1000,100,0,1,12,0,194,0,0,0,FFD306,2,
1021,1,1,$蔚蓝魔兽幼年,11,1034,34800,1000,0,0,200,10,0,0,0,0,0,0,1000000,0,0,0,50000,32,32,0,83,100,1000,0,10,1000,0,10,1000,0,10,1000,32,1050,1000,100,0,1,12,0,66,0,0,0,FFD306,2,
1022,1,1,$暗影丘陵红冠斗鸡,8,1049,26250,800,0,0,200,10,0,0,0,0,0,0,1000000,0,0,0,50000,32,32,0,84,100,1000,0,10,1000,0,10,1000,0,10,1000,32,1050,1000,100,0,1,12,0,66,0,0,0,FFD306,2,
1023,1,1,$暗影丘陵吸血蝗虫,9,1032,26250,800,0,0,200,10,0,0,0,0,0,0,1000000,0,0,0,50000,32,32,0,82,100,1000,0,10,1000,0,10,1000,0,10,1000,32,1050,1000,100,0,1,12,0,66,0,0,0,FFD306,2,
1024,1,1,$奇幻丛林麋鹿,5,1051,26250,800,0,0,200,10,0,0,0,0,0,0,1000000,0,0,0,50000,32,32,0,85,100,1000,0,10,1000,0,10,1000,0,10,1000,32,1050,1000,100,0,1,12,0,66,0,0,0,FFD306,2,
1025,1,2,$方舟剑士,15,1038,45000,1800,0,0,1700,65,0,0,0,0,0,0,1000000,0,0,0,45000,17,10,0,77,100,1000,0,10,1000,0,10,1000,0,10,1000,7,2020,1000,100,0,1,0,1,67117122,0,0,1025,FFD306,2,
1026,1,2,$方舟弓手,16,1039,30000,1100,0,0,1700,65,0,0,0,0,0,0,1000000,0,0,0,45000,17,10,0,78,100,1000,0,10,1000,0,10,1000,0,10,1000,7,2010,1000,100,0,1,0,1,67117122,0,0,1026,FFD306,2,
1027,1,2,$方舟斧男,14,1080,75000,2900,0,0,3400,130,0,0,0,0,0,0,1000000,0,0,0,45000,17,10,0,79,100,1000,0,10,1000,0,10,1000,0,10,1000,7,2020,1000,100,0,1,0,1,67117122,0,0,1027,FFD306,2,
1028,1,2,$超级兵方舟剑士,15,1038,54000,2160,0,0,2040,78,0,0,0,0,0,0,1000000,0,0,0,45000,17,10,0,77,100,1000,0,10,1000,0,10,1000,0,10,1000,7,2020,1000,100,0,1,0,1,67117122,0,0,1028,FFD306,2,
1029,1,2,$超级兵方舟弓手,16,1039,36000,1320,0,0,2040,78,0,0,0,0,0,0,1000000,0,0,0,45000,17,10,0,78,100,1000,0,10,1000,0,10,1000,0,10,1000,7,2010,1000,100,0,1,0,1,67117122,0,0,1029,FFD306,2,
1030,1,2,$超级兵方舟斧男,13,1041,131000,5000,0,0,11900,455,0,0,10000,0,0,0,1000000,0,0,0,45000,17,10,0,79,100,1000,0,10,1000,0,10,1000,0,10,1000,7,2020,1000,100,0,1,0,1,67117122,0,0,1030,FFD306,2,
1031,2,5,$星灵圣树,2,1099,655000,0,0,0,0,0,0,0,5000,5000,0,0,1000000,0,0,0,50000,20,15,0,0,100,1000,0,10,1000,0,10,1000,0,10,1000,7,1110,1000,100,0,1,0,1,1482,12,7,1031,FFD306,1,
1032,2,6,$圣树晶石,2,1100,280000,0,0,0,0,0,0,0,0,0,0,0,1000000,0,0,0,50000,20,15,0,531,100,1000,0,10,1000,0,10,1000,0,10,1000,7,1110,1000,100,0,1,0,1,1482,12,6,1032,FFD306,1,
1033,2,4,$圣树近卫塔,2,1098,280000,0,0,0,15000,0,0,0,0,0,2000,0,1000000,0,0,0,50000,20,15,0,402,100,1000,531,0,0,0,10,1000,0,10,1000,7,1840,300,100,0,1,0,1,1482,15,5,1033,FFD306,1,
1034,2,4,$圣树防御一塔,2,1098,315000,0,0,0,17400,0,0,0,0,0,2000,0,1000000,0,0,0,50000,20,15,0,402,100,1200,531,0,0,0,10,1000,0,10,1000,7,1840,300,100,0,1,0,1,1482,15,2,1034,FFD306,1,
1035,2,4,$圣树防御二塔,2,1098,305000,0,0,0,19500,0,0,0,0,0,2000,0,1000000,0,0,0,50000,20,15,0,402,100,1200,531,0,0,0,10,1000,0,10,1000,7,1840,300,100,0,1,0,1,1482,18,3,1035,FFD306,1,
1036,2,4,$圣树防御三塔,2,1098,435000,0,0,0,22000,0,0,0,0,0,2000,0,1000000,0,0,0,50000,20,15,0,402,100,1000,531,0,0,0,10,1000,0,10,1000,7,1840,300,100,0,1,0,1,1482,18,4,1036,FFD306,1,
1037,2,7,$     ,0,1056,50000000,0,0,0,20000,0,0,0,0,0,0,0,1000000,0,0,0,50000,20,73,0,76,100,1000,76,100,1000,76,100,1000,76,100,1000,7,1,1000,100,0,1,0,1,62,15,0,0,FFD306,2,
1038,2,5,$泰坦核晶,1,1053,400000,0,0,0,0,0,0,0,10000,0,10000,0,1000000,0,0,0,50000,20,15,0,66,100,1000,0,10,1000,0,10,1000,0,10,1000,7,1110,1000,100,0,1,0,1,1482,15,0,0,FFD306,1,
1039,2,5,$星灵圣树,2,1052,400000,0,0,0,0,0,0,0,10000,0,10000,0,1000000,0,0,0,50000,20,15,0,66,100,1000,0,10,1000,0,10,1000,0,10,1000,7,1110,1000,100,0,1,0,1,1482,15,0,0,FFD306,1,
1040,2,6,$魔能水晶,1,1047,270000,0,0,0,0,0,0,0,0,0,0,0,1000000,0,0,0,50000,20,15,0,0,100,1000,0,10,1000,0,10,1000,0,10,1000,7,1110,1000,100,0,1,0,1,1482,15,0,0,FFD306,1,
1041,2,6,$魔能水晶,1,1047,270000,0,0,0,0,0,0,0,0,0,0,0,1000000,0,0,0,50000,20,15,0,0,100,1000,0,10,1000,0,10,1000,0,10,1000,7,1110,1000,100,0,1,0,1,1482,15,0,0,FFD306,1,
1042,2,6,$魔能水晶,1,1047,270000,0,0,0,0,0,0,0,0,0,0,0,1000000,0,0,0,50000,20,15,0,0,100,1000,0,10,1000,0,10,1000,0,10,1000,7,1110,1000,100,0,1,0,1,1482,15,0,0,FFD306,1,
1043,2,6,$圣树晶石,2,1054,270000,0,0,0,0,0,0,0,0,0,0,0,1000000,0,0,0,50000,20,15,0,0,100,1000,0,10,1000,0,10,1000,0,10,1000,7,1110,1000,100,0,1,0,1,1482,15,0,0,FFD306,1,
1044,2,6,$圣树晶石,2,1054,270000,0,0,0,0,0,0,0,0,0,0,0,1000000,0,0,0,50000,20,15,0,0,100,1000,0,10,1000,0,10,1000,0,10,1000,7,1110,1000,100,0,1,0,1,1482,15,0,0,FFD306,1,
1045,2,6,$圣树晶石,2,1054,270000,0,0,0,0,0,0,0,0,0,0,0,1000000,0,0,0,50000,20,15,0,0,100,1000,0,10,1000,0,10,1000,0,10,1000,7,1110,1000,100,0,1,0,1,1482,15,0,0,FFD306,1,
1046,2,4,$核晶近卫塔,1,1046,450000,0,0,0,25000,0,0,0,10000,0,10000,0,1000000,0,0,0,50000,20,15,0,66,100,1000,0,10,1000,0,10,1000,0,10,1000,7,1840,1000,100,0,1,0,1,1482,15,0,0,FFD306,1,
1047,2,4,$核晶近卫塔,1,1046,450000,0,0,0,25000,0,0,0,10000,0,10000,0,1000000,0,0,0,50000,20,15,0,66,100,1000,0,10,1000,0,10,1000,0,10,1000,7,1840,1000,100,0,1,0,1,1482,15,0,0,FFD306,1,
1048,2,4,$核晶防御塔,1,1046,150000,5000,0,0,17000,0,0,0,0,500,0,5,1000000,0,0,0,50000,20,15,0,66,100,1200,0,10,1000,0,10,1000,0,10,1000,7,1840,1000,100,0,1,0,1,1482,15,0,0,FFD306,1,
1049,2,4,$核晶防御塔,1,1046,200000,5000,0,0,26000,0,0,0,0,500,0,5,1000000,0,0,0,50000,20,15,0,66,100,1200,0,10,1000,0,10,1000,0,10,1000,7,1840,1000,100,0,1,0,1,1482,15,0,0,FFD306,1,
1050,2,4,$核晶防御塔,1,1046,350000,0,0,0,27000,0,0,0,10000,0,10000,0,1000000,0,0,0,50000,20,15,0,66,100,1000,0,10,1000,0,10,1000,0,10,1000,7,1840,1000,100,0,1,0,1,1482,15,0,0,FFD306,1,
1051,2,4,$核晶防御塔,1,1046,150000,5000,0,0,17000,0,0,0,0,500,0,5,1000000,0,0,0,50000,20,15,0,66,100,1200,0,10,1000,0,10,1000,0,10,1000,7,1840,1000,100,0,1,0,1,1482,15,0,0,FFD306,1,
1052,2,4,$核晶防御塔,1,1046,200000,5000,0,0,26000,0,0,0,0,500,0,5,1000000,0,0,0,50000,20,15,0,66,100,1200,0,10,1000,0,10,1000,0,10,1000,7,1840,1000,100,0,1,0,1,1482,15,0,0,FFD306,1,
1053,2,4,$核晶防御塔,1,1046,350000,0,0,0,27000,0,0,0,10000,0,10000,0,1000000,0,0,0,50000,20,15,0,66,100,1000,0,10,1000,0,10,1000,0,10,1000,7,1840,1000,100,0,1,0,1,1482,15,0,0,FFD306,1,
1054,2,4,$核晶防御塔,1,1046,150000,5000,0,0,17000,0,0,0,0,500,0,5,1000000,0,0,0,50000,20,15,0,66,100,1200,0,10,1000,0,10,1000,0,10,1000,7,1840,1000,100,0,1,0,1,1482,15,0,0,FFD306,1,
1055,2,4,$核晶防御塔,1,1046,200000,5000,0,0,26000,0,0,0,0,500,0,5,1000000,0,0,0,50000,20,15,0,66,100,1200,0,10,1000,0,10,1000,0,10,1000,7,1840,1000,100,0,1,0,1,1482,15,0,0,FFD306,1,
1056,2,4,$核晶防御塔,1,1046,350000,0,0,0,27000,0,0,0,10000,0,10000,0,1000000,0,0,0,50000,20,15,0,66,100,1000,0,10,1000,0,10,1000,0,10,1000,7,1840,1000,100,0,1,0,1,1482,15,0,0,FFD306,1,
1057,2,4,$圣树近卫塔,2,1048,450000,0,0,0,25000,0,0,0,10000,0,10000,0,1000000,0,0,0,50000,20,15,0,402,100,1000,0,10,1000,0,10,1000,0,10,1000,7,1840,1000,100,0,1,0,1,1482,15,0,0,FFD306,1,
1058,2,4,$圣树近卫塔,2,1048,450000,0,0,0,25000,0,0,0,10000,0,10000,0,1000000,0,0,0,50000,20,15,0,402,100,1000,0,10,1000,0,10,1000,0,10,1000,7,1840,1000,100,0,1,0,1,1482,15,0,0,FFD306,1,
1059,2,4,$圣树防御塔,2,1048,150000,5000,0,0,17000,0,0,0,0,500,0,5,1000000,0,0,0,50000,20,15,0,402,100,1200,0,10,1000,0,10,1000,0,10,1000,7,1840,1000,100,0,1,0,1,1482,15,0,0,FFD306,1,
1060,2,4,$圣树防御塔,2,1048,200000,5000,0,0,26000,0,0,0,0,500,0,5,1000000,0,0,0,50000,20,15,0,402,100,1200,0,10,1000,0,10,1000,0,10,1000,7,1840,1000,100,0,1,0,1,1482,15,0,0,FFD306,1,
1061,2,4,$圣树防御塔,2,1048,350000,0,0,0,27000,0,0,0,10000,0,10000,0,1000000,0,0,0,50000,20,15,0,402,100,1000,0,10,1000,0,10,1000,0,10,1000,7,1840,1000,100,0,1,0,1,1482,15,0,0,FFD306,1,
1062,2,4,$圣树防御塔,2,1048,150000,5000,0,0,17000,0,0,0,0,500,0,5,1000000,0,0,0,50000,20,15,0,402,100,1200,0,10,1000,0,10,1000,0,10,1000,7,1840,1000,100,0,1,0,1,1482,15,0,0,FFD306,1,
1063,2,4,$圣树防御塔,2,1048,200000,5000,0,0,26000,0,0,0,0,500,0,5,1000000,0,0,0,50000,20,15,0,402,100,1200,0,10,1000,0,10,1000,0,10,1000,7,1840,1000,100,0,1,0,1,1482,15,0,0,FFD306,1,
1064,2,4,$圣树防御塔,2,1048,350000,0,0,0,27000,0,0,0,10000,0,10000,0,1000000,0,0,0,50000,20,15,0,402,100,1000,0,10,1000,0,10,1000,0,10,1000,7,1840,1000,100,0,1,0,1,1482,15,0,0,FFD306,1,
1065,2,4,$圣树防御塔,2,1048,150000,5000,0,0,17000,0,0,0,0,500,0,5,1000000,0,0,0,50000,20,15,0,402,100,1200,0,10,1000,0,10,1000,0,10,1000,7,1840,1000,100,0,1,0,1,1482,15,0,0,FFD306,1,
1066,2,4,$圣树防御塔,2,1048,200000,5000,0,0,26000,0,0,0,0,500,0,5,1000000,0,0,0,50000,20,15,0,402,100,1200,0,10,1000,0,10,1000,0,10,1000,7,1840,1000,100,0,1,0,1,1482,15,0,0,FFD306,1,
1067,2,4,$圣树防御塔,2,1048,350000,0,0,0,27000,0,0,0,10000,0,10000,0,1000000,0,0,0,50000,20,15,0,402,100,1000,0,10,1000,0,10,1000,0,10,1000,7,1840,1000,100,0,1,0,1,1482,15,0,0,FFD306,1,
1068,1,1,$奇幻丛林人型怪鹿,7,1045,139500,4000,0,0,1000,30,0,0,0,0,0,0,1000000,0,0,0,50000,32,32,0,385,100,1000,0,10,1000,0,10,1000,0,10,1000,32,1050,1000,100,0,1,12,0,66,0,0,0,FFD306,2,
1069,1,1,亚特兰蒂斯独眼萌,5,1042,139500,4000,0,0,1000,30,0,0,0,0,0,0,1000000,0,0,0,10000,32,32,0,0,100,1000,0,10,1000,0,10,1000,0,10,1000,32,1050,1000,100,0,1,12,0,66,0,0,0,FFD306,2,
1070,1,1,$暗影丘陵红冠斗鸡,8,1050,139500,4000,0,0,1000,30,0,0,0,0,0,0,1000000,0,0,0,50000,32,32,0,84,100,1000,0,10,1000,0,10,1000,0,10,1000,32,1050,1000,100,0,1,12,0,66,0,0,0,FFD306,2,
1071,1,1,$亚特兰蒂斯毒蟾,9,1033,139500,4000,0,0,1000,30,0,0,0,0,0,0,1000000,0,0,0,50000,32,32,0,384,100,1000,0,10,1000,0,10,1000,0,10,1000,32,1050,1000,100,0,1,12,0,66,0,0,0,FFD306,2,
1072,1,1,$星灵神殿灵鹿,5,1043,139500,4000,0,0,1000,30,0,0,0,0,0,0,1000000,0,0,0,50000,32,32,0,386,100,1000,0,10,1000,0,10,1000,0,10,1000,32,1050,1000,100,0,1,12,0,66,0,0,0,FFD306,2,
1073,3,9,$侦查广播怪,0,1027,500000,0,0,0,0,0,0,0,0,0,0,0,1000000,0,0,0,50000,1,10,0,0,100,1000,0,10,1000,0,10,1000,0,10,1000,7,0,300,100,0,1,0,1,7231,0,0,0,FFD306,2,
1074,1,3,$河道侦查守卫,0,1055,36000,1872,0,0,3000,167,0,0,0,0,0,0,1000000,0,0,0,35000,15,10,0,404,100,1000,0,10,1000,0,10,1000,0,10,1000,1,0,1000,100,0,1,0,1,3,0,0,1074,FFD306,2,
1075,3,9,$小龙隐藏怪物,0,1027,500000,0,0,0,0,0,0,0,0,0,0,0,1000000,0,0,0,50000,1,10,0,0,100,1000,0,10,1000,0,10,1000,0,10,1000,7,0,300,100,0,1,0,1,7231,0,0,0,FFD306,2,
2000,2,2,$陷阱,0,1007,500000,0,0,0,0,0,0,0,0,0,0,0,1000000,0,0,0,50000,3,3,0,0,100,1000,0,10,1000,0,10,1000,0,10,1000,7,0,300,100,0,1,0,1,519,0,0,2000,FFD306,2,
2001,2,2,$冰墙,0,1005,500000,0,0,0,0,0,0,0,0,0,0,0,1000000,0,0,0,50000,1,1,0,0,100,1000,0,10,1000,0,10,1000,0,10,1000,0,0,300,100,0,1,0,1,3,0,0,2001,FFD306,2,
2002,2,8,$临时基地冰墙,0,1005,500000000,0,0,0,0,0,0,0,0,0,0,0,1000000,0,0,0,50000,1,1,0,0,100,1000,0,10,1000,0,10,1000,0,10,1000,0,0,300,100,0,1,0,1,17927,0,0,0,FFD306,2,
2003,1,3,$高级侦查守卫,0,1055,45000,1800,0,0,0,0,0,0,0,0,0,0,1000000,0,0,0,50000,20,15,0,0,100,1000,0,10,1000,0,10,1000,0,10,1000,7,0,300,100,0,1,0,1,2,0,0,2003,FFD306,2,
2004,1,3,$侦查守卫,0,1055,45000,1800,0,0,0,0,0,0,0,0,0,0,1000000,0,0,0,50000,20,15,0,0,100,1000,0,10,1000,0,10,1000,0,10,1000,7,0,300,100,0,1,0,1,2,0,0,2003,FFD306,2,
2005,1,2,$俳雅?菩厉的分身,0,1057,15000,0,0,0,0,0,0,0,0,0,0,0,1000000,0,0,0,50000,20,15,0,0,100,1000,0,10,1000,0,10,1000,0,10,1000,3,2000,300,100,0,1,0,1,2,0,0,2000,FFD306,0,
2006,2,2,$墓碑1级,0,1058,20000,8000,0,0,0,0,0,0,0,0,0,0,1000000,0,0,0,50000,20,15,0,665,100,1000,0,10,1000,0,10,1000,0,10,1000,1,2000,300,100,0,1,0,1,194,0,0,0,FFD306,2,
2007,2,2,$墓碑2级,0,1058,20000,8000,0,0,0,0,0,0,0,0,0,0,1000000,0,0,0,50000,20,15,0,666,100,1000,0,10,1000,0,10,1000,0,10,1000,1,2000,300,100,0,1,0,1,194,0,0,0,FFD306,2,
2008,2,2,$墓碑3级,0,1058,20000,8000,0,0,0,0,0,0,0,0,0,0,1000000,0,0,0,50000,20,15,0,667,100,1000,0,10,1000,0,10,1000,0,10,1000,1,2000,300,100,0,1,0,1,194,0,0,0,FFD306,2,
2009,2,2,$墓碑4级,0,1058,20000,8000,0,0,0,0,0,0,0,0,0,0,1000000,0,0,0,50000,20,15,0,668,100,1000,0,10,1000,0,10,1000,0,10,1000,1,2000,300,100,0,1,0,1,194,0,0,0,FFD306,2,
2010,2,2,$墓碑5级,0,1058,20000,8000,0,0,0,0,0,0,0,0,0,0,1000000,0,0,0,50000,20,15,0,669,100,1000,0,10,1000,0,10,1000,0,10,1000,1,2000,300,100,0,1,0,1,194,0,0,0,FFD306,2,
2011,1,1,$暗影丘陵斗鸡,8,1049,22300,760,0,0,1030,10,0,0,0,0,0,0,1000000,0,0,0,50000,32,32,0,84,100,1000,0,10,1000,0,10,1000,0,10,1000,32,1050,1000,100,0,1,12,0,66,0,0,0,FFD306,2,
2012,2,2,$火法围栏,0,1059,28200,1650,0,0,0,0,0,0,0,0,0,0,1000000,0,0,0,50000,0,0,0,0,100,1000,0,10,1000,0,10,1000,0,10,1000,0,0,0,100,0,1,0,0,527,0,0,0,FFD306,2,
2013,1,2,$布兰分身,16,1060,600,0,0,0,0,0,0,0,0,0,0,0,1000000,0,0,0,50000,24,15,0,0,100,1000,0,10,1000,0,10,1000,0,10,1000,1,2000,300,100,0,1,0,1,7362,0,0,1000,FFD306,0,
2014,1,7,$圣泉,0,1061,100,0,0,0,0,0,0,0,0,0,0,0,1000000,0,0,0,0,0,0,0,0,100,1000,0,10,1000,0,10,1000,0,10,1000,0,0,0,0,0,1,0,1,80905,0,0,1010,FFD306,1,
2015,1,7,$魔泉,0,1061,100,0,0,0,0,0,0,0,0,0,0,0,1000000,0,0,0,0,0,0,0,0,100,1000,0,10,1000,0,10,1000,0,10,1000,0,0,0,0,0,1,0,1,80905,0,0,1025,FFD306,1,
2016,2,7,$     ,0,1056,50000000,0,0,0,20000,0,0,0,0,0,0,0,1000000,0,0,0,50000,20,20,0,76,100,1000,76,100,1000,76,100,1000,76,100,1000,7,1,1000,100,0,1,0,1,62,15,0,0,FFD306,2,
2017,2,11,补给点,0,1062,100,0,0,0,1,1,0,0,0,0,0,0,1000000,0,0,0,50000,10,10,0,175,100,500,0,10,1000,0,10,1000,0,10,1000,1,0,300,0,0,1,0,1,16784397,0,0,0,FFD306,2,
2018,1,2,$无面者分身,0,1063,150000,0,0,0,0,0,0,0,0,0,0,0,1000000,0,0,0,0,20,15,0,800,100,1000,804,10,1000,0,10,1000,0,10,1000,1,2000,300,100,0,1,0,1,192,0,0,0,FFD306,0,
2019,1,2,$小鬼,0,1064,15000,1200,0,0,5000,100,0,0,500,50,0,0,1000000,0,0,0,60000,32,32,0,833,100,1000,1000,10,1000,1379,10,1000,0,10,1000,32,1050,1000,100,0,1,12,0,8388674,0,0,0,FFD306,2,
2020,2,2,$减速场,0,1055,36000,1872,0,0,3000,167,0,0,0,0,0,0,1000000,0,0,0,35000,15,10,0,404,100,1000,0,10,1000,0,10,1000,0,10,1000,1,0,1000,100,0,1,0,1,1087,0,0,1074,FFD306,2,
2021,2,1,金币,0,1066,100,0,0,0,1,1,0,0,0,0,0,0,1000000,0,0,0,50000,10,10,0,175,100,500,0,10,1000,0,10,1000,0,10,1000,1,0,300,0,0,1,0,1,7181,0,0,0,FFD306,2,
2022,1,14,$魔晶蓝龙,4,1067,5706840,1509360,0,0,65000,2600,0,0,3800,0,2000,0,1000000,0,0,0,60000,32,32,0,858,100,1000,859,0,2000,1113,0,1000,0,0,1000,32,1050,1000,100,0,1,12,0,6338,12,0,2022,FFD306,1,
2023,1,14,$魔晶蓝龙,4,1067,5706840,1509360,0,0,65000,2600,0,0,3800,0,2000,0,1000000,0,0,0,60000,32,32,0,858,100,1000,859,0,2000,1113,0,1000,0,0,1000,32,1050,1000,100,0,1,12,0,6338,12,0,2022,FFD306,1,
2024,2,1,$50金币,0,1068,5,0,0,0,1,1,0,0,0,0,0,0,1000000,0,0,0,50000,10,10,0,0,0,0,0,10,1000,0,10,1000,0,10,1000,1,0,300,0,0,1,0,1,67,0,0,1010,FFD306,2,
2025,2,9,龙血（大龙产生）,0,1069,100,0,0,0,1,1,0,0,0,0,0,0,1000000,0,0,0,50000,10,10,0,175,100,500,0,10,1000,0,10,1000,0,10,1000,1,0,300,0,0,1,0,1,7181,0,0,0,FFD306,2,
2026,2,2,$活化墓碑1级,0,1058,20000,8000,0,0,0,0,0,0,0,0,0,0,1000000,0,0,0,50000,20,15,0,665,100,1000,876,10,1000,0,10,1000,0,10,1000,1,2000,300,100,0,1,0,1,194,0,0,0,FFD306,2,
2027,2,2,$活化墓碑2级,0,1058,20000,8000,0,0,0,0,0,0,0,0,0,0,1000000,0,0,0,50000,20,15,0,666,100,1000,876,10,1000,0,10,1000,0,10,1000,1,2000,300,100,0,1,0,1,194,0,0,0,FFD306,2,
2028,2,2,$活化墓碑3级,0,1058,20000,8000,0,0,0,0,0,0,0,0,0,0,1000000,0,0,0,50000,20,15,0,667,100,1000,876,10,1000,0,10,1000,0,10,1000,1,2000,300,100,0,1,0,1,194,0,0,0,FFD306,2,
2029,2,2,$活化墓碑4级,0,1058,20000,8000,0,0,0,0,0,0,0,0,0,0,1000000,0,0,0,50000,20,15,0,668,100,1000,876,10,1000,0,10,1000,0,10,1000,1,2000,300,100,0,1,0,1,194,0,0,0,FFD306,2,
2030,2,2,$活化墓碑5级,0,1058,20000,8000,0,0,0,0,0,0,0,0,0,0,1000000,0,0,0,50000,20,15,0,669,100,1000,876,10,1000,0,10,1000,0,10,1000,1,2000,300,100,0,1,0,1,194,0,0,0,FFD306,2,
2031,2,2,$隧道,0,1070,50,0,0,0,0,0,0,0,0,0,0,0,1000000,0,0,0,50000,3,15,0,877,100,1000,,10,1000,0,10,1000,0,10,1000,1,2000,300,100,0,1,0,1,66,0,0,0,FFD306,2,
2032,2,2,$水域,0,1082,50,0,0,0,0,0,0,0,0,0,0,0,1000000,0,0,0,50000,20,15,0,880,100,1000,,10,1000,0,10,1000,0,10,1000,1,2000,300,100,0,1,0,1,236559,0,0,0,FFD306,2,
2033,2,2,$时空旅者残影,0,1071,150000,0,0,0,0,0,0,0,0,0,0,0,1000000,0,0,0,0,20,15,0,819,100,1000,0,10,1000,0,10,1000,0,10,1000,1,2000,300,100,0,1,0,1,192,0,0,0,FFD306,1,
2034,2,2,$炸药桶,0,1073,600,0,0,0,0,0,0,0,0,0,0,0,1000000,0,0,0,0,20,15,0,1148,100,1000,0,10,1000,0,10,1000,0,10,1000,1,2000,300,100,0,1,0,1,8388674,0,0,0,FFD306,2,
2035,2,2,$定时炸弹,0,1072,150000,0,0,0,0,0,0,0,0,0,0,0,1000000,0,0,0,0,20,15,0,1377,100,1000,1378,100,1000,0,10,1000,0,10,1000,1,2000,300,100,0,1,0,1,8388675,0,0,0,FFD306,2,
2036,1,2,$亡灵死侍,4,1064,128000,3730,0,0,6000,100,0,0,0,0,0,0,1000000,0,0,0,50000,32,32,0,833,100,1000,0,10,1000,0,10,1000,0,10,1000,32,1050,1000,100,0,1,12,0,8388674,0,0,0,FFD306,2,
2037,1,2,$大鬼,4,1074,50000,5000,0,0,5000,1000,0,0,1500,0,0,0,1000000,0,0,0,50000,32,32,0,833,100,1000,0,10,1000,0,10,1000,0,10,1000,32,1050,1000,100,0,1,12,0,8388674,0,0,1010,FFD306,2,
2038,2,2,$炸药桶(隐身),0,1073,600,0,0,0,0,0,0,0,0,0,0,0,1000000,0,0,0,0,20,15,0,1149,100,1000,0,10,1000,0,10,1000,0,10,1000,1,2000,300,100,0,1,0,1,8388674,0,0,0,FFD306,2,
2039,1,2,$鬼王,4,1074,120000,12000,0,0,5000,1000,0,0,3000,0,0,0,1000000,0,0,0,50000,32,32,0,833,100,1000,0,10,1000,0,10,1000,0,10,1000,32,1050,1000,100,0,1,12,0,8388674,0,0,1010,FFD306,2,
2040,2,2,$虫子大招,0,1082,50,0,0,0,0,0,0,0,0,0,0,0,1000000,0,0,0,50000,20,15,0,0,100,1000,0,10,1000,0,10,1000,0,10,1000,1,2000,300,100,0,1,0,1,236559,0,0,0,FFD306,2,
2041,2,2,$火法栅栏,0,1082,50,0,0,0,0,0,0,0,0,0,0,0,1000000,0,0,0,50000,20,15,0,0,100,1000,0,10,1000,0,10,1000,0,10,1000,1,2000,300,100,0,1,0,1,236559,0,0,0,FFD306,2,
2042,1,1,$黄金侍卫,6,1076,120400,40400,0,0,2600,260,0,0,5000,0,0,0,1000000,0,0,0,50000,32,32,0,41,80,1000,42,20,2000,0,0,1000,0,0,1000,32,1050,1000,100,0,1,12,0,6338,20,0,0,FFD306,2,
2043,1,1,$黄金侍卫,6,1075,120400,40400,0,0,2600,260,0,0,5000,0,0,0,1000000,0,0,0,50000,32,32,0,41,80,1000,42,20,2000,0,0,1000,0,0,1000,32,1050,1000,100,0,1,12,0,6338,20,0,0,FFD306,2,
2044,1,12,$超进化魔晶蓝龙,4,1001,332430,62440,0,0,14750,830,0,0,5000,0,0,0,1000000,0,0,0,50000,32,32,0,858,100,1000,1146,0,2000,0,0,1000,0,0,1000,32,1050,1000,100,0,1,12,0,6338,20,0,0,FFD306,2,
2045,1,14,$驯服烈龙,4,1067,550000,300,0,0,650,2000,0,0,0,0,0,0,1000000,0,0,0,50000,32,32,0,859,100,1000,41,0,1500,0,0,1000,0,0,1000,32,1050,1000,100,0,1,12,0,6338,20,0,1067,FFD306,1,
2046,1,14,$驯服烈龙,4,1067,550000,300,0,0,650,2000,0,0,0,0,0,0,1000000,0,0,0,50000,32,32,0,859,100,1000,41,0,1500,0,0,1000,0,0,1000,32,1050,1000,100,0,1,12,0,6338,20,0,1067,FFD306,1,
2047,1,2,$无面者分身,0,1063,150000,0,0,0,0,0,0,0,0,0,0,0,1000000,0,0,0,0,20,15,0,800,100,1000,804,10,1000,0,10,1000,0,10,1000,1,2000,300,100,0,1,0,1,192,0,0,0,FFD306,0,
10001,1,10,$商店NPC（怪物实体）,0,1078,50000000,0,0,0,0,0,0,0,0,0,0,0,1000000,0,0,0,50000,1,10,0,0,100,1000,0,10,1000,0,10,1000,0,10,1000,7,0,300,100,0,1,0,1,33560577,0,0,0,FFD306,2,
10002,1,10,$翅膀NPC（怪物实体）,0,1077,50000000,0,0,0,0,0,0,0,0,0,0,0,1000000,0,0,0,50000,1,10,0,0,100,1000,0,10,1000,0,10,1000,0,10,1000,7,0,300,100,0,1,0,1,1,0,0,0,FFD306,2,
10004,1,10,$商店NPC（光效）,0,1092,50000000,0,0,0,0,0,0,0,0,0,0,0,1000000,0,0,0,50000,1,10,0,0,100,1000,0,10,1000,0,10,1000,0,10,1000,7,0,300,100,0,1,0,1,33560577,0,0,0,FFD306,2,
10005,1,10,$翅膀NPC（光效）,0,1091,50000000,0,0,0,0,0,0,0,0,0,0,0,1000000,0,0,0,50000,1,10,0,0,100,1000,0,10,1000,0,10,1000,0,10,1000,7,0,300,100,0,1,0,1,1,0,0,0,FFD306,2,
2048,2,2,$高爆炸药桶,0,1073,600,0,0,0,0,0,0,0,0,0,0,0,1000000,0,0,0,0,20,15,0,1150,100,1000,0,10,1000,0,10,1000,0,10,1000,1,2000,300,100,0,1,0,1,8388674,0,0,0,FFD306,2,
2049,1,2,$骷髅战士,21,1037,45000,1800,0,0,1700,65,0,0,0,0,0,0,1000000,0,0,0,40000,17,10,0,39,50,1000,937,50,1000,0,10,1000,0,10,1000,7,2020,1000,100,0,1,0,1,67117122,0,0,1010,FFD306,2,
2050,1,2,$骷髅弓兵,20,1040,30000,1100,0,0,1700,65,0,0,0,0,0,0,1000000,0,0,0,40000,17,10,0,40,100,1000,0,10,1000,0,10,1000,0,10,1000,7,2010,1000,100,0,1,0,1,67117122,0,0,1011,FFD306,2,
2051,1,2,$部落斧男,19,1079,75000,2900,0,0,3400,130,0,0,0,0,0,0,1000000,0,0,0,40000,17,10,0,63,100,1000,63,10,1000,0,10,1000,0,10,1000,7,2020,1000,100,0,1,0,1,67117122,0,0,1012,FFD306,2,
2052,1,2,$超级兵骷髅战士,21,1037,54000,2160,0,0,2040,78,0,0,0,0,0,0,1000000,0,0,0,40000,17,10,0,39,50,1000,937,50,1000,0,10,1000,0,10,1000,7,2020,1000,100,0,1,0,1,67117122,0,0,1013,FFD306,2,
2053,1,2,$强化骷髅弓兵,20,1040,36000,1320,0,0,2040,78,0,0,0,0,0,0,1000000,0,0,0,40000,17,10,0,40,100,1000,0,10,1000,0,10,1000,0,10,1000,7,2010,1000,100,0,1,0,1,67117122,0,0,1014,FFD306,2,
2054,1,2,$合金锤男,18,1036,131000,5000,0,0,11900,455,0,0,10000,0,0,0,1000000,0,0,0,40000,17,10,0,63,100,1000,0,10,1000,0,10,1000,0,10,1000,7,2020,1000,100,0,1,0,1,67117122,0,0,1015,FFD306,2,
2055,1,2,$骷髅战士,21,1037,45000,1800,0,0,1700,65,0,0,0,0,0,0,1000000,0,0,0,45000,17,10,0,39,50,1000,937,50,1000,0,10,1000,0,10,1000,7,2020,1000,100,0,1,0,1,67117122,0,0,1010,FFD306,2,
2056,1,2,$骷髅弓兵,20,1040,30000,1100,0,0,1700,65,0,0,0,0,0,0,1000000,0,0,0,45000,17,10,0,40,100,1000,0,10,1000,0,10,1000,0,10,1000,7,2010,1000,100,0,1,0,1,67117122,0,0,1011,FFD306,2,
2057,1,2,$部落斧男,19,1079,75000,2900,0,0,3400,130,0,0,0,0,0,0,1000000,0,0,0,45000,17,10,0,63,100,1000,63,10,1000,0,10,1000,0,10,1000,7,2020,1000,100,0,1,0,1,67117122,0,0,1012,FFD306,2,
2058,1,2,$超级兵骷髅战士,21,1037,54000,2160,0,0,2040,78,0,0,0,0,0,0,1000000,0,0,0,45000,17,10,0,39,50,1000,937,50,1000,0,10,1000,0,10,1000,7,2020,1000,100,0,1,0,1,67117122,0,0,1013,FFD306,2,
2059,1,2,$强化骷髅弓兵,20,1040,36000,1320,0,0,2040,78,0,0,0,0,0,0,1000000,0,0,0,45000,17,10,0,40,100,1000,0,10,1000,0,10,1000,0,10,1000,7,2010,1000,100,0,1,0,1,67117122,0,0,1014,FFD306,2,
2060,1,2,$合金锤男,18,1036,131000,5000,0,0,11900,455,0,0,10000,0,0,0,1000000,0,0,0,45000,17,10,0,63,100,1000,0,10,1000,0,10,1000,0,10,1000,7,2020,1000,100,0,1,0,1,67117122,0,0,1015,FFD306,2,
2061,1,2,$方舟剑士,15,1038,45000,1800,0,0,1700,65,0,0,0,0,0,0,1000000,0,0,0,40000,17,10,0,77,100,1000,0,10,1000,0,10,1000,0,10,1000,7,2020,1000,100,0,1,0,1,67117122,0,0,1025,FFD306,2,
2062,1,2,$方舟弓手,16,1039,30000,1100,0,0,1700,65,0,0,0,0,0,0,1000000,0,0,0,40000,17,10,0,78,100,1000,0,10,1000,0,10,1000,0,10,1000,7,2010,1000,100,0,1,0,1,67117122,0,0,1026,FFD306,2,
2063,1,2,$方舟斧男,14,1080,75000,2900,0,0,3400,130,0,0,0,0,0,0,1000000,0,0,0,40000,17,10,0,79,100,1000,0,10,1000,0,10,1000,0,10,1000,7,2020,1000,100,0,1,0,1,67117122,0,0,1027,FFD306,2,
2064,1,2,$超级兵方舟剑士,15,1038,54000,2160,0,0,2040,78,0,0,0,0,0,0,1000000,0,0,0,40000,17,10,0,77,100,1000,0,10,1000,0,10,1000,0,10,1000,7,2020,1000,100,0,1,0,1,67117122,0,0,1028,FFD306,2,
2065,1,2,$超级兵方舟弓手,16,1039,36000,1320,0,0,2040,78,0,0,0,0,0,0,1000000,0,0,0,40000,17,10,0,78,100,1000,0,10,1000,0,10,1000,0,10,1000,7,2010,1000,100,0,1,0,1,67117122,0,0,1029,FFD306,2,
2066,1,2,$超级兵方舟斧男,13,1041,131000,5000,0,0,11900,455,0,0,10000,0,0,0,1000000,0,0,0,40000,17,10,0,79,100,1000,0,10,1000,0,10,1000,0,10,1000,7,2020,1000,100,0,1,0,1,67117122,0,0,1030,FFD306,2,
2067,1,2,$方舟剑士,15,1038,45000,1800,0,0,1700,65,0,0,0,0,0,0,1000000,0,0,0,45000,17,10,0,77,100,1000,0,10,1000,0,10,1000,0,10,1000,7,2020,1000,100,0,1,0,1,67117122,0,0,1025,FFD306,2,
2068,1,2,$方舟弓手,16,1039,30000,1100,0,0,1700,65,0,0,0,0,0,0,1000000,0,0,0,45000,17,10,0,78,100,1000,0,10,1000,0,10,1000,0,10,1000,7,2010,1000,100,0,1,0,1,67117122,0,0,1026,FFD306,2,
2069,1,2,$方舟斧男,14,1080,75000,2900,0,0,3400,130,0,0,0,0,0,0,1000000,0,0,0,45000,17,10,0,79,100,1000,0,10,1000,0,10,1000,0,10,1000,7,2020,1000,100,0,1,0,1,67117122,0,0,1027,FFD306,2,
2070,1,2,$超级兵方舟剑士,15,1038,54000,2160,0,0,2040,78,0,0,0,0,0,0,1000000,0,0,0,45000,17,10,0,77,100,1000,0,10,1000,0,10,1000,0,10,1000,7,2020,1000,100,0,1,0,1,67117122,0,0,1028,FFD306,2,
2071,1,2,$超级兵方舟弓手,16,1039,36000,1320,0,0,2040,78,0,0,0,0,0,0,1000000,0,0,0,45000,17,10,0,78,100,1000,0,10,1000,0,10,1000,0,10,1000,7,2010,1000,100,0,1,0,1,67117122,0,0,1029,FFD306,2,
2072,1,2,$超级兵方舟斧男,13,1041,131000,5000,0,0,11900,455,0,0,10000,0,0,0,1000000,0,0,0,45000,17,10,0,79,100,1000,0,10,1000,0,10,1000,0,10,1000,7,2020,1000,100,0,1,0,1,67117122,0,0,1030,FFD306,2,
2073,1,1,$一阵营按时间刷超级兵,3,1082,1576400,143300,0,0,35700,1390,0,0,0,0,0,0,1000000,0,0,0,50000,32,32,0,80,100,1000,1146,0,2000,0,0,1000,0,0,1000,32,1050,1000,100,0,1,12,0,6338,20,0,0,FFD306,2,
2074,1,1,$二阵营按时间刷超级兵,3,1082,1576400,143300,0,0,35700,1390,0,0,0,0,0,0,1000000,0,0,0,50000,32,32,0,80,100,1000,1146,0,2000,0,0,1000,0,0,1000,32,1050,1000,100,0,1,12,0,6338,20,0,0,FFD306,2,
2075,1,1,$检测怪1,5,1085,30000,0,0,0,1100,0,0,0,0,0,0,0,1000000,0,0,0,50000,32,32,0,63,100,1000,44,10,1000,0,10,1000,0,10,1000,32,1050,1000,100,0,1,0,0,3,0,0,0,FFD306,2,
2076,1,1,$检测怪2,5,1085,30000,0,0,0,1100,0,0,0,0,0,0,0,1000000,0,0,0,50000,32,32,0,63,100,1000,44,10,1000,0,10,1000,0,10,1000,32,1050,1000,100,0,1,0,0,3,0,0,0,FFD306,2,
2077,1,1,$检测怪3,5,1085,30000,0,0,0,1100,0,0,0,0,0,0,0,1000000,0,0,0,50000,32,32,0,63,100,1000,44,10,1000,0,10,1000,0,10,1000,32,1050,1000,100,0,1,0,0,3,0,0,0,FFD306,2,
2078,1,1,$古龙顶蔚蓝魔兽幼年,5,1086,25000,0,0,0,1100,0,0,0,0,0,0,0,1000000,0,0,0,50000,32,32,0,63,100,1000,44,10,1000,0,10,1000,0,10,1000,32,1050,1000,100,0,1,0,0,66,0,0,0,FFD306,2,
2079,1,1,$古龙顶蔚蓝魔兽幼年,5,1086,25000,0,0,0,1100,0,0,0,0,0,0,0,1000000,0,0,0,50000,32,32,0,63,100,1000,44,10,1000,0,10,1000,0,10,1000,32,1050,1000,100,0,1,0,0,66,0,0,0,FFD306,2,
2080,1,2,$轻灵蔷薇,14,1081,60000,0,0,0,3000,0,0,0,0,0,0,0,1000000,0,0,0,50000,32,32,0,532,100,1000,536,10,1000,0,10,1000,0,10,1000,32,1050,1000,100,0,1,0,0,66,0,0,0,FFD306,1,
2081,1,2,$骷髅战士,21,1037,35000,2000,0,0,2000,70,0,0,0,0,0,0,1000000,0,0,0,45000,17,10,0,39,50,1000,937,50,1000,0,10,1000,0,10,1000,7,2020,1000,100,0,1,0,1,67117122,0,0,1010,FFD306,2,
2082,1,2,$骷髅弓兵,20,1040,20000,1500,0,0,2000,70,0,0,0,0,0,0,1000000,0,0,0,45000,17,10,0,40,100,1000,0,10,1000,0,10,1000,0,10,1000,7,2010,1000,100,0,1,0,1,67117122,0,0,1011,FFD306,2,
2083,1,2,$部落斧男,19,1079,80000,3000,0,0,4000,140,0,0,0,0,0,0,1000000,0,0,0,45000,17,10,0,63,100,1000,63,10,1000,0,10,1000,0,10,1000,7,2020,1000,100,0,1,0,1,67117122,0,0,1012,FFD306,2,
2084,1,2,$方舟剑士,15,1038,30000,1500,0,0,1500,50,0,0,0,0,0,0,1000000,0,0,0,45000,17,10,0,77,100,1000,0,10,1000,0,10,1000,0,10,1000,7,2020,1000,100,0,1,0,1,67117122,0,0,1025,FFD306,2,
2085,1,2,$方舟弓手,16,1039,18000,1000,0,0,1500,50,0,0,0,0,0,0,1000000,0,0,0,45000,17,10,0,78,100,1000,0,10,1000,0,10,1000,0,10,1000,7,2010,1000,100,0,1,0,1,67117122,0,0,1026,FFD306,2,
2086,1,2,$方舟斧男,14,1080,75000,2900,0,0,3400,130,0,0,0,0,0,0,1000000,0,0,0,45000,17,10,0,79,100,1000,0,10,1000,0,10,1000,0,10,1000,7,2020,1000,100,0,1,0,1,67117122,0,0,1027,FFD306,2,
2087,2,4,$核晶防御塔,1,1046,80700,0,0,0,16400,1000,0,0,0,0,0,0,1000000,0,0,0,50000,20,15,0,66,100,1200,531,0,0,0,10,1000,0,10,1000,7,1840,300,100,0,1,0,1,1482,15,2,1004,FFD306,1,
2088,2,4,$圣树防御塔,2,1048,80700,0,0,0,7000,700,0,0,2500,0,0,0,1000000,0,0,0,50000,20,15,0,402,100,1200,531,0,0,0,10,1000,0,10,1000,7,1840,300,100,0,1,0,1,1482,15,2,1034,FFD306,1,
2089,2,5,$泰坦核晶,1,1056,80000,0,0,0,0,0,0,0,0,0,0,0,1000000,0,0,0,50000,20,15,0,0,100,1000,0,10,1000,0,10,1000,0,10,1000,7,1110,1000,100,0,1,0,1,33654031,12,7,1001,FFD306,1,
2090,2,5,$星灵圣树,2,1052,100000,0,0,0,0,0,0,0,2500,0,0,0,1000000,0,0,0,50000,20,15,0,0,100,1000,0,10,1000,0,10,1000,0,10,1000,7,1110,1000,100,0,1,0,1,1482,12,7,1031,FFD306,1,
2091,1,2,$尖锐花,0,1087,12000,2000,0,0,1500,500,0,0,1000,400,4500,300,1000000,0,0,0,0,10,10,0,1221,100,1000,1227,100,500,0,10,1000,0,10,1000,1,2000,300,100,0,1,0,1,8394818,0,0,0,FFD306,2,
2092,1,8,$藤蔓墙,0,1083,14400,2400,0,0,1500,500,0,0,1000,400,4500,300,1000000,0,0,0,0,8,8,0,1222,100,1000,0,10,1000,0,10,1000,0,10,1000,1,2000,300,100,0,1,0,1,8412736,0,0,0,FFD306,2,
2093,1,2,$巨型尖锐花,0,1084,45200,7200,0,0,5000,700,0,0,1000,400,4500,300,1000000,0,0,0,0,9,9,0,1223,100,1000,0,10,1000,0,10,1000,0,10,1000,1,2000,300,100,0,1,0,1,8394818,0,0,0,FFD306,2,
2094,1,2,$核晶驱动LC_P,17,1093,300000,0,0,0,62000,0,0,0,6500,0,0,0,1000000,0,0,0,50000,25,25,0,1265,100,1000,0,10,1000,0,10,1000,0,10,1000,7,2010,1000,100,0,1,0,1,67117122,0,0,1011,FFD306,2,
2095,1,2,$核晶驱动LC_P,17,1093,300000,0,0,0,62000,0,0,0,6500,0,0,0,1000000,0,0,0,50000,25,25,0,1265,100,1000,0,10,1000,0,10,1000,0,10,1000,7,2010,1000,100,0,1,0,1,67117122,0,0,1011,FFD306,2,
2096,1,2,$核晶驱动LC_P,17,1093,300000,0,0,0,62000,0,0,0,6500,0,0,0,1000000,0,0,0,50000,25,25,0,1265,100,1000,0,10,1000,0,10,1000,0,10,1000,7,2010,1000,100,0,1,0,1,67117122,0,0,1011,FFD306,2,
2097,1,2,$基因改造LA_W,12,1096,300000,0,0,0,62000,0,0,0,6500,0,0,0,1000000,0,0,0,50000,25,25,0,1375,100,1000,0,10,1000,0,10,1000,0,10,1000,7,2010,1000,100,0,1,0,1,67117122,0,0,1029,FFD306,2,
2098,1,2,$基因改造LA_W,12,1096,300000,0,0,0,62000,0,0,0,6500,0,0,0,1000000,0,0,0,50000,25,25,0,1375,100,1000,0,10,1000,0,10,1000,0,10,1000,7,2010,1000,100,0,1,0,1,67117122,0,0,1029,FFD306,2,
2099,1,2,$基因改造LA_W,12,1096,300000,0,0,0,62000,0,0,0,6500,0,0,0,1000000,0,0,0,50000,25,25,0,1375,100,1000,0,10,1000,0,10,1000,0,10,1000,7,2010,1000,100,0,1,0,1,67117122,0,0,1029,FFD306,2,
2100,1,2,$核晶骷髅战士,21,1037,45000,2500,0,0,1700,65,0,0,0,0,0,0,1000000,0,0,0,45000,17,10,0,39,50,1000,937,50,1000,0,10,1000,0,10,1000,7,2020,1000,100,0,1,0,1,67117122,0,0,1010,FFD306,2,
2101,1,2,$核晶骷髅弓兵,20,1040,30000,1300,0,0,1700,65,0,0,0,0,0,0,1000000,0,0,0,45000,17,10,0,40,100,1000,0,10,1000,0,10,1000,0,10,1000,7,2010,1000,100,0,1,0,1,67117122,0,0,1011,FFD306,2,
2102,1,2,$核晶部落斧男,19,1079,75000,2900,0,0,3400,130,0,0,0,0,0,0,1000000,0,0,0,45000,17,10,0,63,100,1000,63,10,1000,0,10,1000,0,10,1000,7,2020,1000,100,0,1,0,1,67117122,0,0,1012,FFD306,2,
2103,1,2,$核晶强化骷髅战士,21,1037,54000,2160,0,0,2040,78,0,0,0,0,0,0,1000000,0,0,0,45000,17,10,0,39,50,1000,937,50,1000,0,10,1000,0,10,1000,7,2020,1000,100,0,1,0,1,67117122,0,0,1013,FFD306,2,
2104,1,2,$核晶强化骷髅弓兵,20,1040,36000,1320,0,0,2040,92,0,0,0,0,0,0,1000000,0,0,0,45000,25,25,0,1133,100,1000,0,10,1000,0,10,1000,0,10,1000,7,2010,1000,100,0,1,0,1,67117122,0,0,1014,FFD306,2,
2105,1,2,$核晶合金锤男,18,1036,150000,6700,0,0,4080,156,0,0,0,0,0,0,1000000,0,0,0,45000,17,10,0,63,100,1000,0,10,1000,0,10,1000,0,10,1000,7,2020,1000,100,0,1,0,1,67117122,0,0,1015,FFD306,2,
2106,1,2,$核晶方舟剑士,15,1038,45000,2500,0,0,1700,65,0,0,0,0,0,0,1000000,0,0,0,45000,17,10,0,77,100,1000,0,10,1000,0,10,1000,0,10,1000,7,2020,1000,100,0,1,0,1,67117122,0,0,1025,FFD306,2,
2107,1,2,$核晶方舟弓手,16,1039,30000,1300,0,0,1700,65,0,0,0,0,0,0,1000000,0,0,0,45000,17,10,0,78,100,1000,0,10,1000,0,10,1000,0,10,1000,7,2010,1000,100,0,1,0,1,67117122,0,0,1026,FFD306,2,
2108,1,2,$核晶方舟斧男,14,1080,75000,2900,0,0,3400,130,0,0,0,0,0,0,1000000,0,0,0,45000,17,10,0,79,100,1000,0,10,1000,0,10,1000,0,10,1000,7,2020,1000,100,0,1,0,1,67117122,0,0,1027,FFD306,2,
2109,1,2,$核晶超级兵方舟剑士,15,1038,54000,2160,0,0,2040,78,0,0,0,0,0,0,1000000,0,0,0,45000,17,10,0,77,100,1000,0,10,1000,0,10,1000,0,10,1000,7,2020,1000,100,0,1,0,1,67117122,0,0,1028,FFD306,2,
2110,1,2,$核晶超级兵方舟弓手,16,1039,36000,1320,0,0,2040,92,0,0,0,0,0,0,1000000,0,0,0,45000,25,25,0,1134,100,1000,0,10,1000,0,10,1000,0,10,1000,7,2010,1000,100,0,1,0,1,67117122,0,0,1029,FFD306,2,
2111,1,2,$核晶超级兵方舟斧男,13,1041,150000,6700,0,0,4080,156,0,0,0,0,0,0,1000000,0,0,0,45000,17,10,0,79,100,1000,0,10,1000,0,10,1000,0,10,1000,7,2020,1000,100,0,1,0,1,67117122,0,0,1030,FFD306,2,
2112,1,2,$尖锐花(直线伤害),0,1087,15000,3300,0,0,1500,500,0,0,1000,400,5000,100,1000000,0,0,0,0,10,10,0,1221,100,1000,1227,100,500,1224,100,1000,0,10,1000,1,2000,300,100,0,1,0,1,8394818,0,0,0,FFD306,2,
2113,1,2,$尖锐花（减速）,0,1087,15000,3300,0,0,1500,500,0,0,1000,400,5000,100,1000000,0,0,0,0,10,10,0,1225,100,1000,1225,100,500,0,10,1000,0,10,1000,1,2000,300,100,0,1,0,1,8394818,0,0,0,FFD306,2,
2114,2,5,$泰坦核晶,1,1053,300000,0,0,0,0,0,0,0,5000,0,5000,0,1000000,0,0,0,50000,20,15,0,0,100,1000,0,10,1000,0,10,1000,0,10,1000,7,1110,1000,100,0,1,0,1,1482,12,7,1001,FFD306,1,
2115,2,6,$魔能水晶,1,1047,150000,0,0,0,0,0,0,0,5000,0,5000,0,1000000,0,0,0,50000,20,15,0,531,100,1000,0,10,1000,0,10,1000,0,10,1000,7,1110,1000,100,0,1,0,1,1482,12,6,1002,FFD306,1,
2116,2,4,$核晶近卫塔,1,1046,300000,0,0,0,19500,0,0,0,0,0,0,0,1000000,0,0,0,50000,20,15,0,66,100,1000,531,0,0,0,10,1000,0,10,1000,7,1840,300,100,0,1,0,1,1482,15,5,1003,FFD306,1,
2117,2,4,$核晶防御塔,1,1046,300000,0,0,0,17400,0,0,0,0,0,0,0,1000000,0,0,0,50000,20,15,0,66,100,1200,531,0,0,0,10,1000,0,10,1000,7,1840,300,100,0,1,0,1,1482,15,2,1004,FFD306,1,
2118,2,4,$核晶高地塔,1,1046,300000,0,0,0,19500,0,0,0,0,0,0,0,1000000,0,0,0,50000,20,15,0,66,100,1000,531,0,0,0,10,1000,0,10,1000,7,1840,300,100,0,1,0,1,1482,18,4,1006,FFD306,1,
2119,2,5,$星灵圣树,2,1052,300000,0,0,0,0,0,0,0,5000,0,5000,0,1000000,0,0,0,50000,20,15,0,0,100,1000,0,10,1000,0,10,1000,0,10,1000,7,1110,1000,100,0,1,0,1,1482,12,7,1031,FFD306,1,
2120,2,6,$圣树晶石,2,1054,150000,0,0,0,0,0,0,0,5000,0,5000,0,1000000,0,0,0,50000,20,15,0,531,100,1000,0,10,1000,0,10,1000,0,10,1000,7,1110,1000,100,0,1,0,1,1482,12,6,1032,FFD306,1,
2121,2,4,$圣树近卫塔,2,1048,300000,0,0,0,19500,0,0,0,0,0,0,0,1000000,0,0,0,50000,20,15,0,402,100,1000,531,0,0,0,10,1000,0,10,1000,7,1840,300,100,0,1,0,1,1482,15,5,1033,FFD306,1,
2122,2,4,$圣树防御塔,2,1048,300000,0,0,0,17400,0,0,0,0,0,0,0,1000000,0,0,0,50000,20,15,0,402,100,1200,531,0,0,0,10,1000,0,10,1000,7,1840,300,100,0,1,0,1,1482,15,2,1034,FFD306,1,
2123,2,4,$圣树高地塔,2,1048,300000,0,0,0,19500,0,0,0,0,0,0,0,1000000,0,0,0,50000,20,15,0,402,100,1000,531,0,0,0,10,1000,0,10,1000,7,1840,300,100,0,1,0,1,1482,18,4,1036,FFD306,1,
2124,2,11,补给点,0,1062,100,0,0,0,1,1,0,0,0,0,0,0,1000000,0,0,0,50000,10,10,0,175,100,500,0,10,1000,0,10,1000,0,10,1000,1,0,300,0,0,1,0,1,16784397,0,0,0,FFD306,2,
2125,1,12,$魔晶蓝龙,4,1001,680000,70000,0,0,12000,700,0,0,10000,0,0,0,1000000,0,0,0,50000,32,32,0,1386,100,1000,1146,0,2000,0,0,1000,0,0,1000,32,1050,1000,100,0,1,12,0,6338,20,1,0,FFD306,1,
2126,1,2,$魔晶蓝龙（召唤）,4,1067,1000000,40000,0,0,1000000,0,0,0,40000,0,40000,0,1000000,0,0,0,50000,32,32,0,1386,100,1000,859,0,2000,1113,0,1000,0,0,1000,32,1050,1000,100,0,1,12,0,6338,12,0,2022,FFD306,1,
2127,1,2,$魔晶蓝龙（召唤）,4,1067,1000000,40000,0,0,1000000,0,0,0,40000,0,40000,0,1000000,0,0,0,50000,32,32,0,1386,100,1000,859,0,2000,1113,0,1000,0,0,1000,32,1050,1000,100,0,1,12,0,6338,12,0,2022,FFD306,1,
2128,1,10,$蓝色方（出生祭坛）,0,1089,50000000,0,0,0,0,0,0,0,0,0,0,0,1000000,0,0,0,50000,1,10,0,0,100,1000,0,10,1000,0,10,1000,0,10,1000,7,0,300,100,0,1,0,1,33560577,0,0,0,FFD306,2,
2129,1,10,$红色方（出生祭坛）,0,1088,50000000,0,0,0,0,0,0,0,0,0,0,0,1000000,0,0,0,50000,1,10,0,0,100,1000,0,10,1000,0,10,1000,0,10,1000,7,0,300,100,0,1,0,1,1,0,0,0,FFD306,2,
2130,1,1,$核晶战场魄罗,0,1090,50000000,0,0,0,0,0,0,0,0,0,0,0,1000000,0,0,0,10000,1,10,0,0,100,1000,0,10,1000,0,10,1000,0,10,1000,7,0,300,100,0,1,0,1,33560577,0,0,0,FFD306,2,
2131,1,2,$核晶骷髅战士,21,1037,50000,2500,0,0,1700,65,0,0,0,0,0,0,1000000,0,0,0,45000,17,10,0,39,50,1000,937,50,1000,0,10,1000,0,10,1000,7,2020,1000,100,0,1,0,1,67117122,0,0,1010,FFD306,2,
2132,1,2,$核晶骷髅弓兵,20,1040,35000,1300,0,0,1700,65,0,0,0,0,0,0,1000000,0,0,0,45000,17,10,0,40,100,1000,0,10,1000,0,10,1000,0,10,1000,7,2010,1000,100,0,1,0,1,67117122,0,0,1011,FFD306,2,
2133,1,2,$核晶部落斧男,19,1079,80000,2900,0,0,3400,130,0,0,0,0,0,0,1000000,0,0,0,45000,17,10,0,63,100,1000,63,10,1000,0,10,1000,0,10,1000,7,2020,1000,100,0,1,0,1,67117122,0,0,1012,FFD306,2,
2134,1,2,$核晶强化骷髅战士,21,1037,60000,2160,0,0,2040,78,0,0,0,0,0,0,1000000,0,0,0,45000,17,10,0,39,50,1000,937,50,1000,0,10,1000,0,10,1000,7,2020,1000,100,0,1,0,1,67117122,0,0,1013,FFD306,2,
2135,1,2,$核晶强化骷髅弓兵,20,1040,40000,1320,0,0,2040,92,0,0,0,0,0,0,1000000,0,0,0,45000,25,25,0,1133,100,1000,0,10,1000,0,10,1000,0,10,1000,7,2010,1000,100,0,1,0,1,67117122,0,0,1014,FFD306,2,
2136,1,2,$核晶合金锤男,18,1036,90000,3480,0,0,4080,156,0,0,0,0,0,0,1000000,0,0,0,45000,17,10,0,63,100,1000,0,10,1000,0,10,1000,0,10,1000,7,2020,1000,100,0,1,0,1,67117122,0,0,1015,FFD306,2,
2137,1,2,$核晶方舟剑士,15,1038,40000,2500,0,0,1700,65,0,0,0,0,0,0,1000000,0,0,0,45000,17,10,0,77,100,1000,0,10,1000,0,10,1000,0,10,1000,7,2020,1000,100,0,1,0,1,67117122,0,0,1025,FFD306,2,
2138,1,2,$核晶方舟弓手,16,1039,25000,1300,0,0,1700,65,0,0,0,0,0,0,1000000,0,0,0,45000,17,10,0,78,100,1000,0,10,1000,0,10,1000,0,10,1000,7,2010,1000,100,0,1,0,1,67117122,0,0,1026,FFD306,2,
2139,1,2,$核晶方舟斧男,14,1080,65000,2900,0,0,3400,130,0,0,0,0,0,0,1000000,0,0,0,45000,17,10,0,79,100,1000,0,10,1000,0,10,1000,0,10,1000,7,2020,1000,100,0,1,0,1,67117122,0,0,1027,FFD306,2,
2140,1,2,$核晶超级兵方舟剑士,15,1038,44000,2160,0,0,2040,78,0,0,0,0,0,0,1000000,0,0,0,45000,17,10,0,77,100,1000,0,10,1000,0,10,1000,0,10,1000,7,2020,1000,100,0,1,0,1,67117122,0,0,1028,FFD306,2,
2141,1,2,$核晶超级兵方舟弓手,16,1039,26000,1320,0,0,2040,92,0,0,0,0,0,0,1000000,0,0,0,45000,25,25,0,1134,100,1000,0,10,1000,0,10,1000,0,10,1000,7,2010,1000,100,0,1,0,1,67117122,0,0,1029,FFD306,2,
2142,1,2,$核晶超级兵方舟斧男,13,1041,70000,3480,0,0,4080,156,0,0,0,0,0,0,1000000,0,0,0,45000,17,10,0,79,100,1000,0,10,1000,0,10,1000,0,10,1000,7,2020,1000,100,0,1,0,1,67117122,0,0,1030,FFD306,2,
2143,2,5,$泰坦核晶,1,1053,4000000,0,0,0,0,0,0,0,100000,0,100000,0,1000000,0,0,0,50000,20,15,0,0,100,1000,0,10,1000,0,10,1000,0,10,1000,7,1110,1000,100,0,1,0,1,1482,12,7,1001,FFD306,1,
2144,2,6,$魔能水晶,1,1047,300000,0,0,0,0,0,0,0,0,0,0,0,1000000,0,0,0,50000,20,15,0,531,100,1000,0,10,1000,0,10,1000,0,10,1000,7,1110,1000,100,0,1,0,1,1482,12,6,1002,FFD306,1,
2145,2,4,$核晶近卫塔,1,1046,6530000,0,0,0,60000,1000,0,0,0,0,0,0,1000000,0,0,0,50000,20,15,0,66,100,1000,531,0,0,0,10,1000,0,10,1000,7,1840,300,100,0,1,0,1,1482,15,5,1003,FFD306,1,
2146,2,4,$核晶防御塔,1,1046,300000,0,0,0,16400,1000,0,0,0,0,0,0,1000000,0,0,0,50000,20,15,0,66,100,1200,531,0,0,0,10,1000,0,10,1000,7,1840,300,100,0,1,0,1,1482,15,2,1004,FFD306,1,
2147,2,4,$核晶高地塔,1,1046,653000,0,0,0,25000,1000,0,0,0,0,0,0,1000000,0,0,0,50000,20,15,0,66,100,1000,531,0,0,0,10,1000,0,10,1000,7,1840,300,100,0,1,0,1,1482,18,4,1006,FFD306,1,
2148,2,5,$星灵圣树,2,1052,150000,0,0,0,0,0,0,0,0,0,0,0,1000000,0,0,0,50000,20,15,0,0,100,1000,0,10,1000,0,10,1000,0,10,1000,7,1110,1000,100,0,1,0,1,1482,12,7,1031,FFD306,1,
2149,2,6,$圣树晶石,2,1054,200000,0,0,0,0,0,0,0,0,0,0,0,1000000,0,0,0,50000,20,15,0,531,100,1000,0,10,1000,0,10,1000,0,10,1000,7,1110,1000,100,0,1,0,1,1482,12,6,1032,FFD306,1,
2150,2,4,$圣树近卫塔,2,1048,200000,0,0,0,10000,1000,0,0,0,0,0,0,1000000,0,0,0,50000,20,15,0,402,100,1000,531,0,0,0,10,1000,0,10,1000,7,1840,300,100,0,1,0,1,1482,15,5,1033,FFD306,1,
2151,2,4,$圣树防御塔,2,1048,200000,0,0,0,10000,1000,0,0,0,0,0,0,1000000,0,0,0,50000,20,15,0,402,100,1200,531,0,0,0,10,1000,0,10,1000,7,1840,300,100,0,1,0,1,1482,15,2,1034,FFD306,1,
2152,2,4,$圣树高地塔,2,1048,200000,0,0,0,10000,1000,0,0,0,0,0,0,1000000,0,0,0,50000,20,15,0,402,100,1000,531,0,0,0,10,1000,0,10,1000,7,1840,300,100,0,1,0,1,1482,18,4,1036,FFD306,1,
2153,1,12,$魔晶蓝龙,4,1001,192430,62440,0,0,5200,330,0,0,0,0,0,0,1000000,0,0,0,50000,32,32,0,858,100,1000,1146,0,2000,0,0,1000,0,0,1000,32,1050,1000,100,0,1,12,0,6338,20,0,0,FFD306,1,
2154,1,2,$魔晶蓝龙（召唤）,4,1067,753800,160000,0,0,25000,2000,0,0,0,0,0,0,1000000,0,0,0,40000,32,32,0,858,100,1000,859,0,2000,1113,0,1000,0,0,1000,32,1050,1000,100,0,1,12,0,6338,12,0,2022,FFD306,1,
2155,1,2,$魔晶蓝龙（召唤）,4,1067,753800,160000,0,0,25000,2000,0,0,0,0,0,0,1000000,0,0,0,40000,32,32,0,858,100,1000,859,0,2000,1113,0,1000,0,0,1000,32,1050,1000,100,0,1,12,0,6338,12,0,2022,FFD306,1,
2156,1,3,$照明弹,0,1094,1000,0,0,0,0,0,0,0,0,0,0,0,0,0,0,0,0,15,0,0,0,0,0,0,0,0,0,0,0,0,0,0,0,0,0,0,0,1,0,1,1,0,2,2003,FFD306,2,
2157,1,3,$陷阱眼,0,1095,45000,1800,0,0,0,0,0,0,0,0,0,0,0,0,0,0,0,0,15,0,0,0,0,0,0,0,0,0,0,0,0,0,0,0,0,0,0,1,0,1,2,0,2,2004,FFD306,2,
2158,1,1,疾行符兽,5,1044,54000,2150,0,0,5000,50,0,0,0,0,0,0,1000000,0,0,0,10000,32,32,0,0,100,1000,0,10,1000,0,10,1000,0,10,1000,32,1050,1000,100,0,1,12,0,192,10,0,0,FFD306,2,
2159,1,1,治愈符兽,5,1044,54000,2150,0,0,5000,50,0,0,0,0,0,0,1000000,0,0,0,10000,32,32,0,0,100,1000,0,10,1000,0,10,1000,0,10,1000,32,1050,1000,100,0,1,12,0,192,10,0,0,FFD306,2,
2160,1,1,战争符兽,5,1044,54000,2150,0,0,5000,50,0,0,0,0,0,0,1000000,0,0,0,10000,32,32,0,0,100,1000,0,10,1000,0,10,1000,0,10,1000,32,1050,1000,100,0,1,12,0,192,10,0,0,FFD306,2,
2161,1,1,奥术符兽,5,1044,54000,2150,0,0,5000,50,0,0,0,0,0,0,1000000,0,0,0,10000,32,32,0,0,100,1000,0,10,1000,0,10,1000,0,10,1000,32,1050,1000,100,0,1,12,0,192,10,0,0,FFD306,2,
2162,1,1,阿尔法星云异兽,7,1045,108000,4300,0,0,5000,50,0,0,0,0,0,0,1000000,0,0,0,50000,32,32,0,385,100,1000,0,10,1000,0,10,1000,0,10,1000,32,1050,1000,100,0,1,12,0,66,0,0,0,FFD306,2,
2163,1,1,贝塔星云异兽,7,1045,108000,4300,0,0,5000,50,0,0,0,0,0,0,1000000,0,0,0,50000,32,32,0,385,100,1000,0,10,1000,0,10,1000,0,10,1000,32,1050,1000,100,0,1,12,0,66,0,0,0,FFD306,2,
2164,1,1,伽马星云异兽,7,1045,108000,4300,0,0,5000,50,0,0,0,0,0,0,1000000,0,0,0,50000,32,32,0,385,100,1000,0,10,1000,0,10,1000,0,10,1000,32,1050,1000,100,0,1,12,0,66,0,0,0,FFD306,2,
2165,1,1,德尔塔星云异兽,7,1045,108000,4300,0,0,5000,50,0,0,0,0,0,0,1000000,0,0,0,50000,32,32,0,385,100,1000,0,10,1000,0,10,1000,0,10,1000,32,1050,1000,100,0,1,12,0,66,0,0,0,FFD306,2,
2166,1,2,$小鬼,2,1064,20000,2000,0,0,5000,100,0,0,500,50,0,0,1000000,0,0,0,60000,32,32,0,833,100,1000,1000,10,1000,1379,10,1000,0,10,1000,32,1050,1000,100,0,1,12,0,8388674,0,0,0,FFD306,2,
2167,2,3,$定时炸弹,0,1072,150000,0,0,0,0,0,0,0,0,0,0,0,1000000,0,0,0,0,20,15,0,1377,100,1000,1380,100,1000,0,10,1000,0,10,1000,1,2000,300,100,0,1,0,1,8388675,0,0,0,FFD306,2,
2168,2,3,$眩晕炸弹,0,1072,150000,0,0,0,0,0,0,0,0,0,0,0,1000000,0,0,0,0,20,15,0,925,100,1000,1378,100,1000,0,10,1000,0,10,1000,1,2000,300,100,0,1,0,1,8388675,0,0,0,FFD306,2,
2169,1,13,$深渊泰坦,3,1013,10000000,0,0,0,1000,30,0,0,0,0,0,0,1000000,0,0,0,50000,32,32,0,1388,100,1000,1389,10,2000,0,0,1000,0,0,1000,32,1050,1000,100,0,1,12,0,6338,24,1,0,FFD306,2,
2170,1,1,$小宝藏,10,1031,71145,3400,0,0,200,10,0,0,0,0,0,0,1000000,0,0,0,50000,32,32,0,1390,100,1000,1391,10,1000,0,10,1000,0,10,1000,32,1050,1000,100,0,1,12,0,194,0,0,0,FFD306,2,
2171,2,11,隐匿神符,0,1097,100,0,0,0,1,1,0,0,0,0,0,0,1000000,0,0,0,50000,10,10,0,175,100,500,0,10,1000,0,10,1000,0,10,1000,1,0,300,0,0,1,0,1,16784525,0,0,0,FFD306,2,
2172,2,11,治愈神符,0,1062,100,0,0,0,1,1,0,0,0,0,0,0,1000000,0,0,0,50000,10,10,0,175,100,500,0,10,1000,0,10,1000,0,10,1000,1,0,300,0,0,1,0,1,16784525,0,0,0,FFD306,2,
2173,2,11,蛮力神符,0,1062,100,0,0,0,1,1,0,0,0,0,0,0,1000000,0,0,0,50000,10,10,0,175,100,500,0,10,1000,0,10,1000,0,10,1000,1,0,300,0,0,1,0,1,16784525,0,0,0,FFD306,2,
2174,2,11,奥术神符,0,1062,100,0,0,0,1,1,0,0,0,0,0,0,1000000,0,0,0,50000,10,10,0,175,100,500,0,10,1000,0,10,1000,0,10,1000,1,0,300,0,0,1,0,1,16784525,0,0,0,FFD306,2,
2175,2,11,奔袭神符,0,1062,100,0,0,0,1,1,0,0,0,0,0,0,1000000,0,0,0,50000,10,10,0,175,100,500,0,10,1000,0,10,1000,0,10,1000,1,0,300,0,0,1,0,1,16784525,0,0,0,FFD306,2,
2176,2,11,buff怪,0,1062,100,0,0,0,1,1,0,0,0,0,0,0,1000000,0,0,0,50000,10,10,0,175,100,500,0,10,1000,0,10,1000,0,10,1000,1,0,300,0,0,1,0,1,16784525,0,0,0,FFD306,2,
2177,1,10,$npc,0,1054,50000000,0,0,0,0,0,0,0,0,0,0,0,1000000,0,0,0,50000,1,10,0,0,100,1000,0,10,1000,0,10,1000,0,10,1000,7,0,300,100,0,1,0,1,33560577,0,0,0,FFD306,2,
2178,1,10,$超时空商店,0,1104,50000000,0,0,0,0,0,0,0,0,0,0,0,1000000,0,0,0,50000,1,10,0,0,100,1000,0,10,1000,0,10,1000,0,10,1000,7,0,300,100,0,1,0,1,33560577,0,0,0,FFD306,2,
2179,1,10,$超时空商店,0,1104,50000000,0,0,0,0,0,0,0,0,0,0,0,1000000,0,0,0,50000,1,10,0,0,100,1000,0,10,1000,0,10,1000,0,10,1000,7,0,300,100,0,1,0,1,33560577,0,0,0,FFD306,2,
2180,1,10,复活NPC,0,1058,50000000,0,0,0,0,0,0,0,0,0,0,0,1000000,0,0,0,50000,1,10,0,0,100,1000,0,10,1000,0,10,1000,0,10,1000,7,0,300,100,0,1,0,1,33560577,0,0,0,FFD306,2,
2181,1,10,$超时空商店,0,1104,50000000,0,0,0,0,0,0,0,0,0,0,0,1000000,0,0,0,50000,1,10,0,0,100,1000,0,10,1000,0,10,1000,0,10,1000,7,0,300,100,0,1,0,1,33560577,0,0,0,FFD306,2,
2182,1,10,$超时空商店,0,1104,50000000,0,0,0,0,0,0,0,0,0,0,0,1000000,0,0,0,50000,1,10,0,0,100,1000,0,10,1000,0,10,1000,0,10,1000,7,0,300,100,0,1,0,1,33560577,0,0,0,FFD306,2,
2183,1,10,$超时空商店,0,1104,50000000,0,0,0,0,0,0,0,0,0,0,0,1000000,0,0,0,50000,1,10,0,0,100,1000,0,10,1000,0,10,1000,0,10,1000,7,0,300,100,0,1,0,1,33560577,0,0,0,FFD306,2,
2184,1,10,$超时空商店,0,1104,50000000,0,0,0,0,0,0,0,0,0,0,0,1000000,0,0,0,50000,1,10,0,0,100,1000,0,10,1000,0,10,1000,0,10,1000,7,0,300,100,0,1,0,1,33560577,0,0,0,FFD306,2,
2185,1,10,$超时空商店,0,1104,50000000,0,0,0,0,0,0,0,0,0,0,0,1000000,0,0,0,50000,1,10,0,0,100,1000,0,10,1000,0,10,1000,0,10,1000,7,0,300,100,0,1,0,1,33560577,0,0,0,FFD306,2,
2186,1,10,$装备,0,1105,50000000,0,0,0,0,0,0,0,0,0,0,0,1000000,0,0,0,50000,1,10,0,0,100,1000,0,10,1000,0,10,1000,0,10,1000,7,0,300,100,0,1,0,1,33560577,0,0,2186,FFD306,2,
2187,1,10,$装备,0,1105,50000000,0,0,0,0,0,0,0,0,0,0,0,1000000,0,0,0,50000,1,10,0,0,100,1000,0,10,1000,0,10,1000,0,10,1000,7,0,300,100,0,1,0,1,33560577,0,0,2186,FFD306,2,
2188,1,10,$装备,0,1105,50000000,0,0,0,0,0,0,0,0,0,0,0,1000000,0,0,0,50000,1,10,0,0,100,1000,0,10,1000,0,10,1000,0,10,1000,7,0,300,100,0,1,0,1,33560577,0,0,2186,FFD306,2,
2189,1,10,$装备,0,1105,50000000,0,0,0,0,0,0,0,0,0,0,0,1000000,0,0,0,50000,1,10,0,0,100,1000,0,10,1000,0,10,1000,0,10,1000,7,0,300,100,0,1,0,1,33560577,0,0,2186,FFD306,2,
2190,1,10,$装备,0,1105,50000000,0,0,0,0,0,0,0,0,0,0,0,1000000,0,0,0,50000,1,10,0,0,100,1000,0,10,1000,0,10,1000,0,10,1000,7,0,300,100,0,1,0,1,33560577,0,0,2186,FFD306,2,
2191,1,10,$装备,0,1105,50000000,0,0,0,0,0,0,0,0,0,0,0,1000000,0,0,0,50000,1,10,0,0,100,1000,0,10,1000,0,10,1000,0,10,1000,7,0,300,100,0,1,0,1,33560577,0,0,2186,FFD306,2,
2192,1,10,$装备,0,1105,50000000,0,0,0,0,0,0,0,0,0,0,0,1000000,0,0,0,50000,1,10,0,0,100,1000,0,10,1000,0,10,1000,0,10,1000,7,0,300,100,0,1,0,1,33560577,0,0,2186,FFD306,2,
2193,1,10,$装备,0,1105,50000000,0,0,0,0,0,0,0,0,0,0,0,1000000,0,0,0,50000,1,10,0,0,100,1000,0,10,1000,0,10,1000,0,10,1000,7,0,300,100,0,1,0,1,33560577,0,0,2186,FFD306,2,
2194,1,10,$装备,0,1105,50000000,0,0,0,0,0,0,0,0,0,0,0,1000000,0,0,0,50000,1,10,0,0,100,1000,0,10,1000,0,10,1000,0,10,1000,7,0,300,100,0,1,0,1,33560577,0,0,2186,FFD306,2,
2195,1,10,$装备,0,1105,50000000,0,0,0,0,0,0,0,0,0,0,0,1000000,0,0,0,50000,1,10,0,0,100,1000,0,10,1000,0,10,1000,0,10,1000,7,0,300,100,0,1,0,1,33560577,0,0,2186,FFD306,2,
2196,1,10,$装备,0,1105,50000000,0,0,0,0,0,0,0,0,0,0,0,1000000,0,0,0,50000,1,10,0,0,100,1000,0,10,1000,0,10,1000,0,10,1000,7,0,300,100,0,1,0,1,33560577,0,0,2186,FFD306,2,
2197,1,10,$随机出商店怪,0,1082,50000000,0,0,0,0,0,0,0,0,0,0,0,1000000,0,0,0,50000,1,10,0,0,100,1000,0,10,1000,0,10,1000,0,10,1000,7,0,300,100,0,1,0,1,386112575,0,0,0,FFD306,2,
2198,1,10,$随机出商店怪,0,1082,50000000,0,0,0,0,0,0,0,0,0,0,0,1000000,0,0,0,50000,1,10,0,0,100,1000,0,10,1000,0,10,1000,0,10,1000,7,0,300,100,0,1,0,1,386112575,0,0,0,FFD306,2,
2199,1,10,$随机出商店怪,0,1082,50000000,0,0,0,0,0,0,0,0,0,0,0,1000000,0,0,0,50000,1,10,0,0,100,1000,0,10,1000,0,10,1000,0,10,1000,7,0,300,100,0,1,0,1,386112575,0,0,0,FFD306,2,
2200,1,1,红核晶魔,10,1031,139500,4000,0,0,1000,30,0,0,0,0,0,0,1000000,0,0,0,50000,32,32,0,1390,100,1000,1391,10,1000,0,10,1000,0,10,1000,32,1050,1000,100,0,1,12,0,194,0,0,0,FFD306,2,
2201,1,1,红核晶魔,10,1031,139500,4000,0,0,1000,30,0,0,0,0,0,0,1000000,0,0,0,50000,32,32,0,1390,100,1000,1391,10,1000,0,10,1000,0,10,1000,32,1050,1000,100,0,1,12,0,194,0,0,0,FFD306,2,
2202,1,1,红核晶魔,10,1031,139500,4000,0,0,1000,30,0,0,0,0,0,0,1000000,0,0,0,50000,32,32,0,1390,100,1000,1391,10,1000,0,10,1000,0,10,1000,32,1050,1000,100,0,1,12,0,194,0,0,0,FFD306,2,
2203,1,1,碎石晶魔,10,1035,46000,1320,0,0,330,10,0,0,0,0,0,0,1000000,0,0,0,50000,32,32,0,1390,100,1000,1391,10,1000,0,10,1000,0,10,1000,32,1050,1000,100,0,1,12,0,194,0,0,0,FFD306,2,
2204,1,1,碎石晶魔,10,1035,46000,1320,0,0,330,10,0,0,0,0,0,0,1000000,0,0,0,50000,32,32,0,1390,100,1000,1391,10,1000,0,10,1000,0,10,1000,32,1050,1000,100,0,1,12,0,194,0,0,0,FFD306,2,
2205,1,10,$稀有装备,0,1105,50000000,0,0,0,0,0,0,0,0,0,0,0,1000000,0,0,0,50000,1,10,0,0,100,1000,0,10,1000,0,10,1000,0,10,1000,7,0,300,100,0,1,0,1,33560577,0,0,0,FFD306,2,
2206,1,10,$高级装备,0,1105,50000000,0,0,0,0,0,0,0,0,0,0,0,1000000,0,0,0,50000,1,10,0,0,100,1000,0,10,1000,0,10,1000,0,10,1000,7,0,300,100,0,1,0,1,33560577,0,0,0,FFD306,2,
2207,1,10,$普通装备,0,1105,50000000,0,0,0,0,0,0,0,0,0,0,0,1000000,0,0,0,50000,1,10,0,0,100,1000,0,10,1000,0,10,1000,0,10,1000,7,0,300,100,0,1,0,1,33560577,0,0,0,FFD306,2,
2208,1,10,$高级法师装备,0,1105,50000000,0,0,0,0,0,0,0,0,0,0,0,1000000,0,0,0,50000,1,10,0,0,100,1000,0,10,1000,0,10,1000,0,10,1000,7,0,300,100,0,1,0,1,33560577,0,0,0,FFD306,2,
2209,1,10,$普通法师装备,0,1105,50000000,0,0,0,0,0,0,0,0,0,0,0,1000000,0,0,0,50000,1,10,0,0,100,1000,0,10,1000,0,10,1000,0,10,1000,7,0,300,100,0,1,0,1,33560577,0,0,0,FFD306,2,
2210,1,10,$行刑黑棺,0,1105,50000000,0,0,0,0,0,0,0,0,0,0,0,1000000,0,0,0,50000,1,10,0,0,100,1000,0,10,1000,0,10,1000,0,10,1000,7,0,300,100,0,1,0,1,33560577,0,0,0,FFD306,2,
2211,2,4,$击杀广播,0,,50000000,0,0,0,0,0,0,0,0,0,0,0,1000000,0,0,0,50000,1,10,0,0,100,1000,0,10,1000,0,10,1000,0,10,1000,7,0,300,100,0,1,0,1,7231,0,0,2211,FFD306,2,
2212,1,1,红核晶魔,10,1031,139500,4000,0,0,1000,30,0,0,0,0,0,0,1000000,0,0,0,50000,32,32,0,1390,100,1000,1391,10,1000,0,10,1000,0,10,1000,32,1050,1000,100,0,1,12,0,194,0,0,0,FFD306,2,
2213,1,1,红核晶魔,10,1031,139500,4000,0,0,1000,30,0,0,0,0,0,0,1000000,0,0,0,50000,32,32,0,1390,100,1000,1391,10,1000,0,10,1000,0,10,1000,32,1050,1000,100,0,1,12,0,194,0,0,0,FFD306,2,
2214,1,10,$支配者面具,0,1105,50000000,0,0,0,0,0,0,0,0,0,0,0,1000000,0,0,0,50000,1,10,0,0,100,1000,0,10,1000,0,10,1000,0,10,1000,7,0,300,100,0,1,0,1,33560577,0,0,0,FFD306,2,
2215,1,10,$死神的凝视,0,1105,50000000,0,0,0,0,0,0,0,0,0,0,0,1000000,0,0,0,50000,1,10,0,0,100,1000,0,10,1000,0,10,1000,0,10,1000,7,0,300,100,0,1,0,1,33560577,0,0,0,FFD306,2,
2216,1,10,$雷霆法典,0,1105,50000000,0,0,0,0,0,0,0,0,0,0,0,1000000,0,0,0,50000,1,10,0,0,100,1000,0,10,1000,0,10,1000,0,10,1000,7,0,300,100,0,1,0,1,33560577,0,0,0,FFD306,2,
2217,1,10,$圣光裁决,0,1105,50000000,0,0,0,0,0,0,0,0,0,0,0,1000000,0,0,0,50000,1,10,0,0,100,1000,0,10,1000,0,10,1000,0,10,1000,7,0,300,100,0,1,0,1,33560577,0,0,0,FFD306,2,
2218,1,10,$诅咒之眼,0,1105,50000000,0,0,0,0,0,0,0,0,0,0,0,1000000,0,0,0,50000,1,10,0,0,100,1000,0,10,1000,0,10,1000,0,10,1000,7,0,300,100,0,1,0,1,33560577,0,0,0,FFD306,2,
2219,1,10,$灵能飞刃,0,1105,50000000,0,0,0,0,0,0,0,0,0,0,0,1000000,0,0,0,50000,1,10,0,0,100,1000,0,10,1000,0,10,1000,0,10,1000,7,0,300,100,0,1,0,1,33560577,0,0,0,FFD306,2,
2220,1,10,$风行利刃,0,1105,50000000,0,0,0,0,0,0,0,0,0,0,0,1000000,0,0,0,50000,1,10,0,0,100,1000,0,10,1000,0,10,1000,0,10,1000,7,0,300,100,0,1,0,1,33560577,0,0,0,FFD306,2,
2221,1,10,$御法之剑,0,1105,50000000,0,0,0,0,0,0,0,0,0,0,0,1000000,0,0,0,50000,1,10,0,0,100,1000,0,10,1000,0,10,1000,0,10,1000,7,0,300,100,0,1,0,1,33560577,0,0,0,FFD306,2,
2222,1,10,$强袭大剑,0,1105,50000000,0,0,0,0,0,0,0,0,0,0,0,1000000,0,0,0,50000,1,10,0,0,100,1000,0,10,1000,0,10,1000,0,10,1000,7,0,300,100,0,1,0,1,33560577,0,0,0,FFD306,2,
2223,1,10,$斩裂剑,0,1105,50000000,0,0,0,0,0,0,0,0,0,0,0,1000000,0,0,0,50000,1,10,0,0,100,1000,0,10,1000,0,10,1000,0,10,1000,7,0,300,100,0,1,0,1,33560577,0,0,0,FFD306,2,
2224,1,10,$伊贺飓风,0,1105,50000000,0,0,0,0,0,0,0,0,0,0,0,1000000,0,0,0,50000,1,10,0,0,100,1000,0,10,1000,0,10,1000,0,10,1000,7,0,300,100,0,1,0,1,33560577,0,0,0,FFD306,2,
2225,1,10,$暴走左轮,0,1105,50000000,0,0,0,0,0,0,0,0,0,0,0,1000000,0,0,0,50000,1,10,0,0,100,1000,0,10,1000,0,10,1000,0,10,1000,7,0,300,100,0,1,0,1,33560577,0,0,0,FFD306,2,
2226,1,10,$雷切太刀,0,1105,50000000,0,0,0,0,0,0,0,0,0,0,0,1000000,0,0,0,50000,1,10,0,0,100,1000,0,10,1000,0,10,1000,0,10,1000,7,0,300,100,0,1,0,1,33560577,0,0,0,FFD306,2,
2227,1,10,$超合金巨钻,0,1105,50000000,0,0,0,0,0,0,0,0,0,0,0,1000000,0,0,0,50000,1,10,0,0,100,1000,0,10,1000,0,10,1000,0,10,1000,7,0,300,100,0,1,0,1,33560577,0,0,0,FFD306,2,
2228,1,10,$血饮狂刀,0,1105,50000000,0,0,0,0,0,0,0,0,0,0,0,1000000,0,0,0,50000,1,10,0,0,100,1000,0,10,1000,0,10,1000,0,10,1000,7,0,300,100,0,1,0,1,33560577,0,0,0,FFD306,2,
2229,1,10,$恶魔拳套,0,1105,50000000,0,0,0,0,0,0,0,0,0,0,0,1000000,0,0,0,50000,1,10,0,0,100,1000,0,10,1000,0,10,1000,0,10,1000,7,0,300,100,0,1,0,1,33560577,0,0,0,FFD306,2,
2230,1,10,$速射短弓,0,1105,50000000,0,0,0,0,0,0,0,0,0,0,0,1000000,0,0,0,50000,1,10,0,0,100,1000,0,10,1000,0,10,1000,0,10,1000,7,0,300,100,0,1,0,1,33560577,0,0,0,FFD306,2,
2231,1,10,$追风,0,1105,50000000,0,0,0,0,0,0,0,0,0,0,0,1000000,0,0,0,50000,1,10,0,0,100,1000,0,10,1000,0,10,1000,0,10,1000,7,0,300,100,0,1,0,1,33560577,0,0,0,FFD306,2,
2232,1,10,$骑士长剑,0,1105,50000000,0,0,0,0,0,0,0,0,0,0,0,1000000,0,0,0,50000,1,10,0,0,100,1000,0,10,1000,0,10,1000,0,10,1000,7,0,300,100,0,1,0,1,33560577,0,0,0,FFD306,2,
2233,1,10,$锯齿匕首,0,1105,50000000,0,0,0,0,0,0,0,0,0,0,0,1000000,0,0,0,50000,1,10,0,0,100,1000,0,10,1000,0,10,1000,0,10,1000,7,0,300,100,0,1,0,1,33560577,0,0,0,FFD306,2,
2234,1,10,$铁锄,0,1105,50000000,0,0,0,0,0,0,0,0,0,0,0,1000000,0,0,0,50000,1,10,0,0,100,1000,0,10,1000,0,10,1000,0,10,1000,7,0,300,100,0,1,0,1,33560577,0,0,0,FFD306,2,
2235,1,10,$水晶剑,0,1105,50000000,0,0,0,0,0,0,0,0,0,0,0,1000000,0,0,0,50000,1,10,0,0,100,1000,0,10,1000,0,10,1000,0,10,1000,7,0,300,100,0,1,0,1,33560577,0,0,0,FFD306,2,
2236,1,10,$寒冰连枷,0,1105,50000000,0,0,0,0,0,0,0,0,0,0,0,1000000,0,0,0,50000,1,10,0,0,100,1000,0,10,1000,0,10,1000,0,10,1000,7,0,300,100,0,1,0,1,33560577,0,0,0,FFD306,2,
2237,1,10,$精钢锤,0,1105,50000000,0,0,0,0,0,0,0,0,0,0,0,1000000,0,0,0,50000,1,10,0,0,100,1000,0,10,1000,0,10,1000,0,10,1000,7,0,300,100,0,1,0,1,33560577,0,0,0,FFD306,2,
2238,1,10,$刺客飞刀,0,1105,50000000,0,0,0,0,0,0,0,0,0,0,0,1000000,0,0,0,50000,1,10,0,0,100,1000,0,10,1000,0,10,1000,0,10,1000,7,0,300,100,0,1,0,1,33560577,0,0,0,FFD306,2,
2239,1,10,$圣徒信仰,0,1105,50000000,0,0,0,0,0,0,0,0,0,0,0,1000000,0,0,0,50000,1,10,0,0,100,1000,0,10,1000,0,10,1000,0,10,1000,7,0,300,100,0,1,0,1,33560577,0,0,0,FFD306,2,
2240,1,10,$亡灵之魄,0,1105,50000000,0,0,0,0,0,0,0,0,0,0,0,1000000,0,0,0,50000,1,10,0,0,100,1000,0,10,1000,0,10,1000,0,10,1000,7,0,300,100,0,1,0,1,33560577,0,0,0,FFD306,2,
2241,1,10,$紫水晶,0,1105,50000000,0,0,0,0,0,0,0,0,0,0,0,1000000,0,0,0,50000,1,10,0,0,100,1000,0,10,1000,0,10,1000,0,10,1000,7,0,300,100,0,1,0,1,33560577,0,0,0,FFD306,2,
2242,1,10,$魔典,0,1105,50000000,0,0,0,0,0,0,0,0,0,0,0,1000000,0,0,0,50000,1,10,0,0,100,1000,0,10,1000,0,10,1000,0,10,1000,7,0,300,100,0,1,0,1,33560577,0,0,0,FFD306,2,
2243,1,10,$智者典籍,0,1105,50000000,0,0,0,0,0,0,0,0,0,0,0,1000000,0,0,0,50000,1,10,0,0,100,1000,0,10,1000,0,10,1000,0,10,1000,7,0,300,100,0,1,0,1,33560577,0,0,0,FFD306,2,
2244,2,2,$定时炸弹,0,1072,150000,0,0,0,0,0,0,0,0,0,0,0,1000000,0,0,0,0,20,15,0,1377,100,1000,1378,100,1000,0,10,1000,0,10,1000,1,2000,300,100,0,1,0,1,8388675,0,0,0,FFD306,2,
2245,1,1,$佣兵花仙子,0,1090,300000,10000,50000000,0,0,0,0,0,2000,200,2000,200,1000000,0,0,0,80000,24,24,0,1447,100,1000,1448,100,1000,0,10,1000,0,10,1000,7,0,300,100,0,1,0,1,8395330,0,0,0,FFD306,2,
2246,1,15,$定时炸弹,0,1106,50000000,0,0,0,0,0,0,0,0,0,0,0,1000000,0,0,0,0,10,10,0,1476,100,1000,0,100,1000,0,10,1000,0,10,1000,1,2000,300,100,0,1,0,1,8388679,0,0,0,FFD306,2,
