撮合类型ID,id,保底段位标识,段位分数,系数,隐藏段位分数,隐藏分系数,图标ID,升级动画,降级动画,匹配加成界限,匹配加成值,描述,星级分段,王者段位标识,王者排名区间
int,int,int,int,int,int,int,int,int,int,int,int,string,int,int,int
1,0,1,0,64,0,800,1,0,0,300,0,青铜3,15,0,0
1,1,1,1050,64,1050,800,1,0,0,300,0,青铜3,15,0,0
1,2,1,1100,64,1100,800,1,0,0,300,50,青铜2,15,0,0
1,3,1,1150,64,1150,800,1,0,0,300,100,青铜1,15,0,0
1,4,1,1200,64,1200,800,2,0,0,300,150,白银5,15,0,0
1,5,1,1250,64,1250,800,2,0,0,300,200,白银4,15,0,0
1,6,1,1300,64,1300,800,2,0,0,300,250,白银3,15,0,0
1,7,1,1350,64,1350,800,2,0,0,300,300,白银2,15,0,0
1,8,1,1400,64,1400,800,2,0,0,300,350,白银1,15,0,0
1,9,1,1450,32,1450,800,3,0,0,300,200,黄金5,9,0,0
1,10,0,1500,32,1500,800,3,0,0,300,200,黄金4,9,0,0
1,11,0,1550,32,1550,800,3,0,0,300,250,黄金3,9,0,0
1,12,0,1600,32,1600,800,3,0,0,300,300,黄金2,9,0,0
1,13,0,1650,32,1650,800,3,0,0,300,350,黄金1,9,0,0
1,14,1,1700,32,1700,800,4,0,0,300,400,白金5,9,0,0
1,15,0,1750,32,1750,800,4,0,0,300,450,白金4,9,0,0
1,16,0,1800,32,1800,800,4,0,0,300,500,白金3,9,0,0
1,17,0,1850,32,1850,800,4,0,0,300,550,白金2,9,0,0
1,18,0,1900,32,1900,800,4,0,0,300,600,白金1,9,0,0
1,19,1,1950,16,1950,800,5,0,0,0,0,钻石5,9,0,0
1,20,0,2000,16,2000,800,5,0,0,0,0,钻石4,9,0,0
1,21,0,2050,16,2050,800,5,0,0,0,0,钻石3,9,0,0
1,22,0,2100,16,2100,800,5,0,0,0,0,钻石2,9,0,0
1,23,0,2150,16,2150,800,5,0,0,0,0,钻石1,9,0,0
1,24,0,2200,16,2200,800,6,0,0,0,0,大师5,9,0,0
1,25,0,2250,16,2250,800,6,0,0,0,0,大师4,9,0,0
1,26,0,2300,16,2300,800,6,0,0,0,0,大师3,9,0,0
1,27,0,2350,16,2350,800,6,0,0,0,0,大师2,9,0,0
1,28,0,2351,16,2400,800,6,0,0,0,0,大师1,1,1,100000
1,29,0,2351,16,2450,800,6,0,0,0,0,王者5,1,1,200
1,30,0,2351,16,2500,800,6,0,0,0,0,王者4,1,1,150
1,31,0,2351,16,2550,800,6,0,0,0,0,王者3,1,1,100
1,32,0,2351,16,2600,800,6,0,0,0,0,王者2,1,1,50
1,33,0,2351,16,2650,800,6,0,0,0,0,王者1,1,1,10
2,0,1,0,64,0,800,1,0,0,300,0,青铜3,15,0,0
2,1,1,1050,64,1050,800,1,0,0,300,0,青铜3,15,0,0
2,2,1,1100,64,1100,800,1,0,0,300,50,青铜2,15,0,0
2,3,1,1150,64,1150,800,1,0,0,300,100,青铜1,15,0,0
2,4,1,1200,64,1200,800,2,0,0,300,150,白银5,15,0,0
2,5,1,1250,64,1250,800,2,0,0,300,200,白银4,15,0,0
2,6,1,1300,64,1300,800,2,0,0,300,250,白银3,15,0,0
2,7,1,1350,64,1350,800,2,0,0,300,300,白银2,15,0,0
2,8,1,1400,64,1400,800,2,0,0,300,350,白银1,15,0,0
2,9,1,1450,32,1450,800,3,0,0,300,200,黄金5,9,0,0
2,10,0,1500,32,1500,800,3,0,0,300,200,黄金4,9,0,0
2,11,0,1550,32,1550,800,3,0,0,300,250,黄金3,9,0,0
2,12,0,1600,32,1600,800,3,0,0,300,300,黄金2,9,0,0
2,13,0,1650,32,1650,800,3,0,0,300,350,黄金1,9,0,0
2,14,1,1700,32,1700,800,4,0,0,300,400,白金5,9,0,0
2,15,0,1750,32,1750,800,4,0,0,300,450,白金4,9,0,0
2,16,0,1800,32,1800,800,4,0,0,300,500,白金3,9,0,0
2,17,0,1850,32,1850,800,4,0,0,300,550,白金2,9,0,0
2,18,0,1900,32,1900,800,4,0,0,300,600,白金1,9,0,0
2,19,1,1950,16,1950,800,5,0,0,0,0,钻石5,9,0,0
2,20,0,2000,16,2000,800,5,0,0,0,0,钻石4,9,0,0
2,21,0,2050,16,2050,800,5,0,0,0,0,钻石3,9,0,0
2,22,0,2100,16,2100,800,5,0,0,0,0,钻石2,9,0,0
2,23,0,2150,16,2150,800,5,0,0,0,0,钻石1,9,0,0
2,24,0,2200,16,2200,800,6,0,0,0,0,大师5,9,0,0
2,25,0,2250,16,2250,800,6,0,0,0,0,大师4,9,0,0
2,26,0,2300,16,2300,800,6,0,0,0,0,大师3,9,0,0
2,27,0,2350,16,2350,800,6,0,0,0,0,大师2,9,0,0
2,28,0,2351,16,2400,800,6,0,0,0,0,大师1,1,1,100000
2,29,0,2351,16,2450,800,6,0,0,0,0,王者5,1,1,200
2,30,0,2351,16,2500,800,6,0,0,0,0,王者4,1,1,150
2,31,0,2351,16,2550,800,6,0,0,0,0,王者3,1,1,100
2,32,0,2351,16,2600,800,6,0,0,0,0,王者2,1,1,50
2,33,0,2351,16,2650,800,6,0,0,0,0,王者1,1,1,10
3,0,1,0,64,0,800,1,0,0,300,0,青铜3,15,0,0
3,1,1,1050,64,1050,800,1,0,0,300,0,青铜3,15,0,0
3,2,1,1100,64,1100,800,1,0,0,300,50,青铜2,15,0,0
3,3,1,1150,64,1150,800,1,0,0,300,100,青铜1,15,0,0
3,4,1,1200,64,1200,800,2,0,0,300,150,白银5,15,0,0
3,5,1,1250,64,1250,800,2,0,0,300,200,白银4,15,0,0
3,6,1,1300,64,1300,800,2,0,0,300,250,白银3,15,0,0
3,7,1,1350,64,1350,800,2,0,0,300,300,白银2,15,0,0
3,8,1,1400,64,1400,800,2,0,0,300,350,白银1,15,0,0
3,9,1,1450,32,1450,800,3,0,0,300,200,黄金5,9,0,0
3,10,0,1500,32,1500,800,3,0,0,300,200,黄金4,9,0,0
3,11,0,1550,32,1550,800,3,0,0,300,250,黄金3,9,0,0
3,12,0,1600,32,1600,800,3,0,0,300,300,黄金2,9,0,0
3,13,0,1650,32,1650,800,3,0,0,300,350,黄金1,9,0,0
3,14,1,1700,32,1700,800,4,0,0,300,400,白金5,9,0,0
3,15,0,1750,32,1750,800,4,0,0,300,450,白金4,9,0,0
3,16,0,1800,32,1800,800,4,0,0,300,500,白金3,9,0,0
3,17,0,1850,32,1850,800,4,0,0,300,550,白金2,9,0,0
3,18,0,1900,32,1900,800,4,0,0,300,600,白金1,9,0,0
3,19,1,1950,16,1950,800,5,0,0,0,0,钻石5,9,0,0
3,20,0,2000,16,2000,800,5,0,0,0,0,钻石4,9,0,0
3,21,0,2050,16,2050,800,5,0,0,0,0,钻石3,9,0,0
3,22,0,2100,16,2100,800,5,0,0,0,0,钻石2,9,0,0
3,23,0,2150,16,2150,800,5,0,0,0,0,钻石1,9,0,0
3,24,0,2200,16,2200,800,6,0,0,0,0,大师5,9,0,0
3,25,0,2250,16,2250,800,6,0,0,0,0,大师4,9,0,0
3,26,0,2300,16,2300,800,6,0,0,0,0,大师3,9,0,0
3,27,0,2350,16,2350,800,6,0,0,0,0,大师2,9,0,0
3,28,0,2351,16,2400,800,6,0,0,0,0,大师1,1,1,100000
3,29,0,2351,16,2450,800,6,0,0,0,0,王者5,1,1,200
3,30,0,2351,16,2500,800,6,0,0,0,0,王者4,1,1,150
3,31,0,2351,16,2550,800,6,0,0,0,0,王者3,1,1,100
3,32,0,2351,16,2600,800,6,0,0,0,0,王者2,1,1,50
3,33,0,2351,16,2650,800,6,0,0,0,0,王者1,1,1,10
4,0,1,0,64,0,800,1,0,0,300,0,青铜3,15,0,0
4,1,1,1050,64,1050,800,1,0,0,300,0,青铜3,15,0,0
4,2,1,1100,64,1100,800,1,0,0,300,50,青铜2,15,0,0
4,3,1,1150,64,1150,800,1,0,0,300,100,青铜1,15,0,0
4,4,1,1200,64,1200,800,2,0,0,300,150,白银5,15,0,0
4,5,1,1250,64,1250,800,2,0,0,300,200,白银4,15,0,0
4,6,1,1300,64,1300,800,2,0,0,300,250,白银3,15,0,0
4,7,1,1350,64,1350,800,2,0,0,300,300,白银2,15,0,0
4,8,1,1400,64,1400,800,2,0,0,300,350,白银1,15,0,0
4,9,1,1450,32,1450,800,3,0,0,300,200,黄金5,9,0,0
4,10,0,1500,32,1500,800,3,0,0,300,200,黄金4,9,0,0
4,11,0,1550,32,1550,800,3,0,0,300,250,黄金3,9,0,0
4,12,0,1600,32,1600,800,3,0,0,300,300,黄金2,9,0,0
4,13,0,1650,32,1650,800,3,0,0,300,350,黄金1,9,0,0
4,14,1,1700,32,1700,800,4,0,0,300,400,白金5,9,0,0
4,15,0,1750,32,1750,800,4,0,0,300,450,白金4,9,0,0
4,16,0,1800,32,1800,800,4,0,0,300,500,白金3,9,0,0
4,17,0,1850,32,1850,800,4,0,0,300,550,白金2,9,0,0
4,18,0,1900,32,1900,800,4,0,0,300,600,白金1,9,0,0
4,19,1,1950,16,1950,800,5,0,0,0,0,钻石5,9,0,0
4,20,0,2000,16,2000,800,5,0,0,0,0,钻石4,9,0,0
4,21,0,2050,16,2050,800,5,0,0,0,0,钻石3,9,0,0
4,22,0,2100,16,2100,800,5,0,0,0,0,钻石2,9,0,0
4,23,0,2150,16,2150,800,5,0,0,0,0,钻石1,9,0,0
4,24,0,2200,16,2200,800,6,0,0,0,0,大师5,9,0,0
4,25,0,2250,16,2250,800,6,0,0,0,0,大师4,9,0,0
4,26,0,2300,16,2300,800,6,0,0,0,0,大师3,9,0,0
4,27,0,2350,16,2350,800,6,0,0,0,0,大师2,9,0,0
4,28,0,2351,16,2400,800,6,0,0,0,0,大师1,1,1,100000
4,29,0,2351,16,2450,800,6,0,0,0,0,王者5,1,1,200
4,30,0,2351,16,2500,800,6,0,0,0,0,王者4,1,1,150
4,31,0,2351,16,2550,800,6,0,0,0,0,王者3,1,1,100
4,32,0,2351,16,2600,800,6,0,0,0,0,王者2,1,1,50
4,33,0,2351,16,2650,800,6,0,0,0,0,王者1,1,1,10
5,0,1,0,64,0,800,1,0,0,300,0,青铜3,15,0,0
5,1,1,1050,64,1050,800,1,0,0,300,0,青铜3,15,0,0
5,2,1,1100,64,1100,800,1,0,0,300,50,青铜2,15,0,0
5,3,1,1150,64,1150,800,1,0,0,300,100,青铜1,15,0,0
5,4,1,1200,64,1200,800,2,0,0,300,150,白银5,15,0,0
5,5,1,1250,64,1250,800,2,0,0,300,200,白银4,15,0,0
5,6,1,1300,64,1300,800,2,0,0,300,250,白银3,15,0,0
5,7,1,1350,64,1350,800,2,0,0,300,300,白银2,15,0,0
5,8,1,1400,64,1400,800,2,0,0,300,350,白银1,15,0,0
5,9,1,1450,32,1450,800,3,0,0,300,200,黄金5,9,0,0
5,10,0,1500,32,1500,800,3,0,0,300,200,黄金4,9,0,0
5,11,0,1550,32,1550,800,3,0,0,300,250,黄金3,9,0,0
5,12,0,1600,32,1600,800,3,0,0,300,300,黄金2,9,0,0
5,13,0,1650,32,1650,800,3,0,0,300,350,黄金1,9,0,0
5,14,1,1700,32,1700,800,4,0,0,300,400,白金5,9,0,0
5,15,0,1750,32,1750,800,4,0,0,300,450,白金4,9,0,0
5,16,0,1800,32,1800,800,4,0,0,300,500,白金3,9,0,0
5,17,0,1850,32,1850,800,4,0,0,300,550,白金2,9,0,0
5,18,0,1900,32,1900,800,4,0,0,300,600,白金1,9,0,0
5,19,1,1950,16,1950,800,5,0,0,0,0,钻石5,9,0,0
5,20,0,2000,16,2000,800,5,0,0,0,0,钻石4,9,0,0
5,21,0,2050,16,2050,800,5,0,0,0,0,钻石3,9,0,0
5,22,0,2100,16,2100,800,5,0,0,0,0,钻石2,9,0,0
5,23,0,2150,16,2150,800,5,0,0,0,0,钻石1,9,0,0
5,24,0,2200,16,2200,800,6,0,0,0,0,大师5,9,0,0
5,25,0,2250,16,2250,800,6,0,0,0,0,大师4,9,0,0
5,26,0,2300,16,2300,800,6,0,0,0,0,大师3,9,0,0
5,27,0,2350,16,2350,800,6,0,0,0,0,大师2,9,0,0
5,28,0,2351,16,2400,800,6,0,0,0,0,大师1,1,1,100000
5,29,0,2351,16,2450,800,6,0,0,0,0,王者5,1,1,200
5,30,0,2351,16,2500,800,6,0,0,0,0,王者4,1,1,150
5,31,0,2351,16,2550,800,6,0,0,0,0,王者3,1,1,100
5,32,0,2351,16,2600,800,6,0,0,0,0,王者2,1,1,50
5,33,0,2351,16,2650,800,6,0,0,0,0,王者1,1,1,10
6,0,1,0,64,0,800,1,0,0,300,0,青铜3,15,0,0
6,1,1,1050,64,1050,800,1,0,0,300,0,青铜3,15,0,0
6,2,1,1100,64,1100,800,1,0,0,300,50,青铜2,15,0,0
6,3,1,1150,64,1150,800,1,0,0,300,100,青铜1,15,0,0
6,4,1,1200,64,1200,800,2,0,0,300,150,白银5,15,0,0
6,5,1,1250,64,1250,800,2,0,0,300,200,白银4,15,0,0
6,6,1,1300,64,1300,800,2,0,0,300,250,白银3,15,0,0
6,7,1,1350,64,1350,800,2,0,0,300,300,白银2,15,0,0
6,8,1,1400,64,1400,800,2,0,0,300,350,白银1,15,0,0
6,9,1,1450,32,1450,800,3,0,0,300,200,黄金5,9,0,0
6,10,0,1500,32,1500,800,3,0,0,300,200,黄金4,9,0,0
6,11,0,1550,32,1550,800,3,0,0,300,250,黄金3,9,0,0
6,12,0,1600,32,1600,800,3,0,0,300,300,黄金2,9,0,0
6,13,0,1650,32,1650,800,3,0,0,300,350,黄金1,9,0,0
6,14,1,1700,32,1700,800,4,0,0,300,400,白金5,9,0,0
6,15,0,1750,32,1750,800,4,0,0,300,450,白金4,9,0,0
6,16,0,1800,32,1800,800,4,0,0,300,500,白金3,9,0,0
6,17,0,1850,32,1850,800,4,0,0,300,550,白金2,9,0,0
6,18,0,1900,32,1900,800,4,0,0,300,600,白金1,9,0,0
6,19,1,1950,16,1950,800,5,0,0,0,0,钻石5,9,0,0
6,20,0,2000,16,2000,800,5,0,0,0,0,钻石4,9,0,0
6,21,0,2050,16,2050,800,5,0,0,0,0,钻石3,9,0,0
6,22,0,2100,16,2100,800,5,0,0,0,0,钻石2,9,0,0
6,23,0,2150,16,2150,800,5,0,0,0,0,钻石1,9,0,0
6,24,0,2200,16,2200,800,6,0,0,0,0,大师5,9,0,0
6,25,0,2250,16,2250,800,6,0,0,0,0,大师4,9,0,0
6,26,0,2300,16,2300,800,6,0,0,0,0,大师3,9,0,0
6,27,0,2350,16,2350,800,6,0,0,0,0,大师2,9,0,0
6,28,0,2351,16,2400,800,6,0,0,0,0,大师1,1,1,100000
6,29,0,2351,16,2450,800,6,0,0,0,0,王者5,1,1,200
6,30,0,2351,16,2500,800,6,0,0,0,0,王者4,1,1,150
6,31,0,2351,16,2550,800,6,0,0,0,0,王者3,1,1,100
6,32,0,2351,16,2600,800,6,0,0,0,0,王者2,1,1,50
6,33,0,2351,16,2650,800,6,0,0,0,0,王者1,1,1,10
7,0,1,0,64,0,800,1,0,0,300,0,青铜3,15,0,0
7,1,1,1050,64,1050,800,1,0,0,300,0,青铜3,15,0,0
7,2,1,1100,64,1100,800,1,0,0,300,50,青铜2,15,0,0
7,3,1,1150,64,1150,800,1,0,0,300,100,青铜1,15,0,0
7,4,1,1200,64,1200,800,2,0,0,300,150,白银5,15,0,0
7,5,1,1250,64,1250,800,2,0,0,300,200,白银4,15,0,0
7,6,1,1300,64,1300,800,2,0,0,300,250,白银3,15,0,0
7,7,1,1350,64,1350,800,2,0,0,300,300,白银2,15,0,0
7,8,1,1400,64,1400,800,2,0,0,300,350,白银1,15,0,0
7,9,1,1450,32,1450,800,3,0,0,300,200,黄金5,9,0,0
7,10,0,1500,32,1500,800,3,0,0,300,200,黄金4,9,0,0
7,11,0,1550,32,1550,800,3,0,0,300,250,黄金3,9,0,0
7,12,0,1600,32,1600,800,3,0,0,300,300,黄金2,9,0,0
7,13,0,1650,32,1650,800,3,0,0,300,350,黄金1,9,0,0
7,14,1,1700,32,1700,800,4,0,0,300,400,白金5,9,0,0
7,15,0,1750,32,1750,800,4,0,0,300,450,白金4,9,0,0
7,16,0,1800,32,1800,800,4,0,0,300,500,白金3,9,0,0
7,17,0,1850,32,1850,800,4,0,0,300,550,白金2,9,0,0
7,18,0,1900,32,1900,800,4,0,0,300,600,白金1,9,0,0
7,19,1,1950,16,1950,800,5,0,0,0,0,钻石5,9,0,0
7,20,0,2000,16,2000,800,5,0,0,0,0,钻石4,9,0,0
7,21,0,2050,16,2050,800,5,0,0,0,0,钻石3,9,0,0
7,22,0,2100,16,2100,800,5,0,0,0,0,钻石2,9,0,0
7,23,0,2150,16,2150,800,5,0,0,0,0,钻石1,9,0,0
7,24,0,2200,16,2200,800,6,0,0,0,0,大师5,9,0,0
7,25,0,2250,16,2250,800,6,0,0,0,0,大师4,9,0,0
7,26,0,2300,16,2300,800,6,0,0,0,0,大师3,9,0,0
7,27,0,2350,16,2350,800,6,0,0,0,0,大师2,9,0,0
7,28,0,2351,16,2400,800,6,0,0,0,0,大师1,1,1,100000
7,29,0,2351,16,2450,800,6,0,0,0,0,王者5,1,1,200
7,30,0,2351,16,2500,800,6,0,0,0,0,王者4,1,1,150
7,31,0,2351,16,2550,800,6,0,0,0,0,王者3,1,1,100
7,32,0,2351,16,2600,800,6,0,0,0,0,王者2,1,1,50
7,33,0,2351,16,2650,800,6,0,0,0,0,王者1,1,1,10
8,0,1,0,64,0,800,1,0,0,300,0,青铜3,15,0,0
8,1,1,1050,64,1050,800,1,0,0,300,0,青铜3,15,0,0
8,2,1,1100,64,1100,800,1,0,0,300,50,青铜2,15,0,0
8,3,1,1150,64,1150,800,1,0,0,300,100,青铜1,15,0,0
8,4,1,1200,64,1200,800,2,0,0,300,150,白银5,15,0,0
8,5,1,1250,64,1250,800,2,0,0,300,200,白银4,15,0,0
8,6,1,1300,64,1300,800,2,0,0,300,250,白银3,15,0,0
8,7,1,1350,64,1350,800,2,0,0,300,300,白银2,15,0,0
8,8,1,1400,64,1400,800,2,0,0,300,350,白银1,15,0,0
8,9,1,1450,32,1450,800,3,0,0,300,200,黄金5,9,0,0
8,10,0,1500,32,1500,800,3,0,0,300,200,黄金4,9,0,0
8,11,0,1550,32,1550,800,3,0,0,300,250,黄金3,9,0,0
8,12,0,1600,32,1600,800,3,0,0,300,300,黄金2,9,0,0
8,13,0,1650,32,1650,800,3,0,0,300,350,黄金1,9,0,0
8,14,1,1700,32,1700,800,4,0,0,300,400,白金5,9,0,0
8,15,0,1750,32,1750,800,4,0,0,300,450,白金4,9,0,0
8,16,0,1800,32,1800,800,4,0,0,300,500,白金3,9,0,0
8,17,0,1850,32,1850,800,4,0,0,300,550,白金2,9,0,0
8,18,0,1900,32,1900,800,4,0,0,300,600,白金1,9,0,0
8,19,1,1950,16,1950,800,5,0,0,0,0,钻石5,9,0,0
8,20,0,2000,16,2000,800,5,0,0,0,0,钻石4,9,0,0
8,21,0,2050,16,2050,800,5,0,0,0,0,钻石3,9,0,0
8,22,0,2100,16,2100,800,5,0,0,0,0,钻石2,9,0,0
8,23,0,2150,16,2150,800,5,0,0,0,0,钻石1,9,0,0
8,24,0,2200,16,2200,800,6,0,0,0,0,大师5,9,0,0
8,25,0,2250,16,2250,800,6,0,0,0,0,大师4,9,0,0
8,26,0,2300,16,2300,800,6,0,0,0,0,大师3,9,0,0
8,27,0,2350,16,2350,800,6,0,0,0,0,大师2,9,0,0
8,28,0,2351,16,2400,800,6,0,0,0,0,大师1,1,1,100000
8,29,0,2351,16,2450,800,6,0,0,0,0,王者5,1,1,200
8,30,0,2351,16,2500,800,6,0,0,0,0,王者4,1,1,150
8,31,0,2351,16,2550,800,6,0,0,0,0,王者3,1,1,100
8,32,0,2351,16,2600,800,6,0,0,0,0,王者2,1,1,50
8,33,0,2351,16,2650,800,6,0,0,0,0,王者1,1,1,10
9,0,1,0,64,0,800,1,0,0,300,0,青铜3,15,0,0
9,1,1,1050,64,1050,800,1,0,0,300,0,青铜3,15,0,0
9,2,1,1100,64,1100,800,1,0,0,300,50,青铜2,15,0,0
9,3,1,1150,64,1150,800,1,0,0,300,100,青铜1,15,0,0
9,4,1,1200,64,1200,800,2,0,0,300,150,白银5,15,0,0
9,5,1,1250,64,1250,800,2,0,0,300,200,白银4,15,0,0
9,6,1,1300,64,1300,800,2,0,0,300,250,白银3,15,0,0
9,7,1,1350,64,1350,800,2,0,0,300,300,白银2,15,0,0
9,8,1,1400,64,1400,800,2,0,0,300,350,白银1,15,0,0
9,9,1,1450,32,1450,800,3,0,0,300,200,黄金5,9,0,0
9,10,0,1500,32,1500,800,3,0,0,300,200,黄金4,9,0,0
9,11,0,1550,32,1550,800,3,0,0,300,250,黄金3,9,0,0
9,12,0,1600,32,1600,800,3,0,0,300,300,黄金2,9,0,0
9,13,0,1650,32,1650,800,3,0,0,300,350,黄金1,9,0,0
9,14,1,1700,32,1700,800,4,0,0,300,400,白金5,9,0,0
9,15,0,1750,32,1750,800,4,0,0,300,450,白金4,9,0,0
9,16,0,1800,32,1800,800,4,0,0,300,500,白金3,9,0,0
9,17,0,1850,32,1850,800,4,0,0,300,550,白金2,9,0,0
9,18,0,1900,32,1900,800,4,0,0,300,600,白金1,9,0,0
9,19,1,1950,16,1950,800,5,0,0,0,0,钻石5,9,0,0
9,20,0,2000,16,2000,800,5,0,0,0,0,钻石4,9,0,0
9,21,0,2050,16,2050,800,5,0,0,0,0,钻石3,9,0,0
9,22,0,2100,16,2100,800,5,0,0,0,0,钻石2,9,0,0
9,23,0,2150,16,2150,800,5,0,0,0,0,钻石1,9,0,0
9,24,0,2200,16,2200,800,6,0,0,0,0,大师5,9,0,0
9,25,0,2250,16,2250,800,6,0,0,0,0,大师4,9,0,0
9,26,0,2300,16,2300,800,6,0,0,0,0,大师3,9,0,0
9,27,0,2350,16,2350,800,6,0,0,0,0,大师2,9,0,0
9,28,0,2351,16,2400,800,6,0,0,0,0,大师1,1,1,100000
9,29,0,2351,16,2450,800,6,0,0,0,0,王者5,1,1,200
9,30,0,2351,16,2500,800,6,0,0,0,0,王者4,1,1,150
9,31,0,2351,16,2550,800,6,0,0,0,0,王者3,1,1,100
9,32,0,2351,16,2600,800,6,0,0,0,0,王者2,1,1,50
9,33,0,2351,16,2650,800,6,0,0,0,0,王者1,1,1,10
10,0,1,0,64,0,800,1,0,0,300,0,青铜3,15,0,0
10,1,1,1050,64,1050,800,1,0,0,300,0,青铜3,15,0,0
10,2,1,1100,64,1100,800,1,0,0,300,50,青铜2,15,0,0
10,3,1,1150,64,1150,800,1,0,0,300,100,青铜1,15,0,0
10,4,1,1200,64,1200,800,2,0,0,300,150,白银5,15,0,0
10,5,1,1250,64,1250,800,2,0,0,300,200,白银4,15,0,0
10,6,1,1300,64,1300,800,2,0,0,300,250,白银3,15,0,0
10,7,1,1350,64,1350,800,2,0,0,300,300,白银2,15,0,0
10,8,1,1400,64,1400,800,2,0,0,300,350,白银1,15,0,0
10,9,1,1450,32,1450,800,3,0,0,300,200,黄金5,9,0,0
10,10,0,1500,32,1500,800,3,0,0,300,200,黄金4,9,0,0
10,11,0,1550,32,1550,800,3,0,0,300,250,黄金3,9,0,0
10,12,0,1600,32,1600,800,3,0,0,300,300,黄金2,9,0,0
10,13,0,1650,32,1650,800,3,0,0,300,350,黄金1,9,0,0
10,14,1,1700,32,1700,800,4,0,0,300,400,白金5,9,0,0
10,15,0,1750,32,1750,800,4,0,0,300,450,白金4,9,0,0
10,16,0,1800,32,1800,800,4,0,0,300,500,白金3,9,0,0
10,17,0,1850,32,1850,800,4,0,0,300,550,白金2,9,0,0
10,18,0,1900,32,1900,800,4,0,0,300,600,白金1,9,0,0
10,19,1,1950,16,1950,800,5,0,0,0,0,钻石5,9,0,0
10,20,0,2000,16,2000,800,5,0,0,0,0,钻石4,9,0,0
10,21,0,2050,16,2050,800,5,0,0,0,0,钻石3,9,0,0
10,22,0,2100,16,2100,800,5,0,0,0,0,钻石2,9,0,0
10,23,0,2150,16,2150,800,5,0,0,0,0,钻石1,9,0,0
10,24,0,2200,16,2200,800,6,0,0,0,0,大师5,9,0,0
10,25,0,2250,16,2250,800,6,0,0,0,0,大师4,9,0,0
10,26,0,2300,16,2300,800,6,0,0,0,0,大师3,9,0,0
10,27,0,2350,16,2350,800,6,0,0,0,0,大师2,9,0,0
10,28,0,2351,16,2400,800,6,0,0,0,0,大师1,1,1,100000
10,29,0,2351,16,2450,800,6,0,0,0,0,王者5,1,1,200
10,30,0,2351,16,2500,800,6,0,0,0,0,王者4,1,1,150
10,31,0,2351,16,2550,800,6,0,0,0,0,王者3,1,1,100
10,32,0,2351,16,2600,800,6,0,0,0,0,王者2,1,1,50
10,33,0,2351,16,2650,800,6,0,0,0,0,王者1,1,1,10
11,0,1,0,64,0,800,1,0,0,300,0,青铜3,15,0,0
11,1,1,1050,64,1050,800,1,0,0,300,0,青铜3,15,0,0
11,2,1,1100,64,1100,800,1,0,0,300,50,青铜2,15,0,0
11,3,1,1150,64,1150,800,1,0,0,300,100,青铜1,15,0,0
11,4,1,1200,64,1200,800,2,0,0,300,150,白银5,15,0,0
11,5,1,1250,64,1250,800,2,0,0,300,200,白银4,15,0,0
11,6,1,1300,64,1300,800,2,0,0,300,250,白银3,15,0,0
11,7,1,1350,64,1350,800,2,0,0,300,300,白银2,15,0,0
11,8,1,1400,64,1400,800,2,0,0,300,350,白银1,15,0,0
11,9,1,1450,32,1450,800,3,0,0,300,200,黄金5,9,0,0
11,10,0,1500,32,1500,800,3,0,0,300,200,黄金4,9,0,0
11,11,0,1550,32,1550,800,3,0,0,300,250,黄金3,9,0,0
11,12,0,1600,32,1600,800,3,0,0,300,300,黄金2,9,0,0
11,13,0,1650,32,1650,800,3,0,0,300,350,黄金1,9,0,0
11,14,1,1700,32,1700,800,4,0,0,300,400,白金5,9,0,0
11,15,0,1750,32,1750,800,4,0,0,300,450,白金4,9,0,0
11,16,0,1800,32,1800,800,4,0,0,300,500,白金3,9,0,0
11,17,0,1850,32,1850,800,4,0,0,300,550,白金2,9,0,0
11,18,0,1900,32,1900,800,4,0,0,300,600,白金1,9,0,0
11,19,1,1950,16,1950,800,5,0,0,0,0,钻石5,9,0,0
11,20,0,2000,16,2000,800,5,0,0,0,0,钻石4,9,0,0
11,21,0,2050,16,2050,800,5,0,0,0,0,钻石3,9,0,0
11,22,0,2100,16,2100,800,5,0,0,0,0,钻石2,9,0,0
11,23,0,2150,16,2150,800,5,0,0,0,0,钻石1,9,0,0
11,24,0,2200,16,2200,800,6,0,0,0,0,大师5,9,0,0
11,25,0,2250,16,2250,800,6,0,0,0,0,大师4,9,0,0
11,26,0,2300,16,2300,800,6,0,0,0,0,大师3,9,0,0
11,27,0,2350,16,2350,800,6,0,0,0,0,大师2,9,0,0
11,28,0,2351,16,2400,800,6,0,0,0,0,大师1,1,1,100000
11,29,0,2351,16,2450,800,6,0,0,0,0,王者5,1,1,200
11,30,0,2351,16,2500,800,6,0,0,0,0,王者4,1,1,150
11,31,0,2351,16,2550,800,6,0,0,0,0,王者3,1,1,100
11,32,0,2351,16,2600,800,6,0,0,0,0,王者2,1,1,50
11,33,0,2351,16,2650,800,6,0,0,0,0,王者1,1,1,10
12,0,1,0,64,0,800,1,0,0,300,0,青铜3,15,0,0
12,1,1,1050,64,1050,800,1,0,0,300,0,青铜3,15,0,0
12,2,1,1100,64,1100,800,1,0,0,300,50,青铜2,15,0,0
12,3,1,1150,64,1150,800,1,0,0,300,100,青铜1,15,0,0
12,4,1,1200,64,1200,800,2,0,0,300,150,白银5,15,0,0
12,5,1,1250,64,1250,800,2,0,0,300,200,白银4,15,0,0
12,6,1,1300,64,1300,800,2,0,0,300,250,白银3,15,0,0
12,7,1,1350,64,1350,800,2,0,0,300,300,白银2,15,0,0
12,8,1,1400,64,1400,800,2,0,0,300,350,白银1,15,0,0
12,9,1,1450,32,1450,800,3,0,0,300,200,黄金5,9,0,0
12,10,0,1500,32,1500,800,3,0,0,300,200,黄金4,9,0,0
12,11,0,1550,32,1550,800,3,0,0,300,250,黄金3,9,0,0
12,12,0,1600,32,1600,800,3,0,0,300,300,黄金2,9,0,0
12,13,0,1650,32,1650,800,3,0,0,300,350,黄金1,9,0,0
12,14,1,1700,32,1700,800,4,0,0,300,400,白金5,9,0,0
12,15,0,1750,32,1750,800,4,0,0,300,450,白金4,9,0,0
12,16,0,1800,32,1800,800,4,0,0,300,500,白金3,9,0,0
12,17,0,1850,32,1850,800,4,0,0,300,550,白金2,9,0,0
12,18,0,1900,32,1900,800,4,0,0,300,600,白金1,9,0,0
12,19,1,1950,16,1950,800,5,0,0,0,0,钻石5,9,0,0
12,20,0,2000,16,2000,800,5,0,0,0,0,钻石4,9,0,0
12,21,0,2050,16,2050,800,5,0,0,0,0,钻石3,9,0,0
12,22,0,2100,16,2100,800,5,0,0,0,0,钻石2,9,0,0
12,23,0,2150,16,2150,800,5,0,0,0,0,钻石1,9,0,0
12,24,0,2200,16,2200,800,6,0,0,0,0,大师5,9,0,0
12,25,0,2250,16,2250,800,6,0,0,0,0,大师4,9,0,0
12,26,0,2300,16,2300,800,6,0,0,0,0,大师3,9,0,0
12,27,0,2350,16,2350,800,6,0,0,0,0,大师2,9,0,0
12,28,0,2351,16,2400,800,6,0,0,0,0,大师1,1,1,100000
12,29,0,2351,16,2450,800,6,0,0,0,0,王者5,1,1,200
12,30,0,2351,16,2500,800,6,0,0,0,0,王者4,1,1,150
12,31,0,2351,16,2550,800,6,0,0,0,0,王者3,1,1,100
12,32,0,2351,16,2600,800,6,0,0,0,0,王者2,1,1,50
12,33,0,2351,16,2650,800,6,0,0,0,0,王者1,1,1,10
13,0,1,0,64,0,800,1,0,0,300,0,青铜3,15,0,0
13,1,1,1050,64,1050,800,1,0,0,300,0,青铜3,15,0,0
13,2,1,1100,64,1100,800,1,0,0,300,50,青铜2,15,0,0
13,3,1,1150,64,1150,800,1,0,0,300,100,青铜1,15,0,0
13,4,1,1200,64,1200,800,2,0,0,300,150,白银5,15,0,0
13,5,1,1250,64,1250,800,2,0,0,300,200,白银4,15,0,0
13,6,1,1300,64,1300,800,2,0,0,300,250,白银3,15,0,0
13,7,1,1350,64,1350,800,2,0,0,300,300,白银2,15,0,0
13,8,1,1400,64,1400,800,2,0,0,300,350,白银1,15,0,0
13,9,1,1450,32,1450,800,3,0,0,300,200,黄金5,9,0,0
13,10,0,1500,32,1500,800,3,0,0,300,200,黄金4,9,0,0
13,11,0,1550,32,1550,800,3,0,0,300,250,黄金3,9,0,0
13,12,0,1600,32,1600,800,3,0,0,300,300,黄金2,9,0,0
13,13,0,1650,32,1650,800,3,0,0,300,350,黄金1,9,0,0
13,14,1,1700,32,1700,800,4,0,0,300,400,白金5,9,0,0
13,15,0,1750,32,1750,800,4,0,0,300,450,白金4,9,0,0
13,16,0,1800,32,1800,800,4,0,0,300,500,白金3,9,0,0
13,17,0,1850,32,1850,800,4,0,0,300,550,白金2,9,0,0
13,18,0,1900,32,1900,800,4,0,0,300,600,白金1,9,0,0
13,19,1,1950,16,1950,800,5,0,0,0,0,钻石5,9,0,0
13,20,0,2000,16,2000,800,5,0,0,0,0,钻石4,9,0,0
13,21,0,2050,16,2050,800,5,0,0,0,0,钻石3,9,0,0
13,22,0,2100,16,2100,800,5,0,0,0,0,钻石2,9,0,0
13,23,0,2150,16,2150,800,5,0,0,0,0,钻石1,9,0,0
13,24,0,2200,16,2200,800,6,0,0,0,0,大师5,9,0,0
13,25,0,2250,16,2250,800,6,0,0,0,0,大师4,9,0,0
13,26,0,2300,16,2300,800,6,0,0,0,0,大师3,9,0,0
13,27,0,2350,16,2350,800,6,0,0,0,0,大师2,9,0,0
13,28,0,2351,16,2400,800,6,0,0,0,0,大师1,1,1,100000
13,29,0,2351,16,2450,800,6,0,0,0,0,王者5,1,1,200
13,30,0,2351,16,2500,800,6,0,0,0,0,王者4,1,1,150
13,31,0,2351,16,2550,800,6,0,0,0,0,王者3,1,1,100
13,32,0,2351,16,2600,800,6,0,0,0,0,王者2,1,1,50
13,33,0,2351,16,2650,800,6,0,0,0,0,王者1,1,1,10
14,0,1,0,64,0,800,1,0,0,300,0,青铜3,15,0,0
14,1,1,1050,64,1050,800,1,0,0,300,0,青铜3,15,0,0
14,2,1,1100,64,1100,800,1,0,0,300,50,青铜2,15,0,0
14,3,1,1150,64,1150,800,1,0,0,300,100,青铜1,15,0,0
14,4,1,1200,64,1200,800,2,0,0,300,150,白银5,15,0,0
14,5,1,1250,64,1250,800,2,0,0,300,200,白银4,15,0,0
14,6,1,1300,64,1300,800,2,0,0,300,250,白银3,15,0,0
14,7,1,1350,64,1350,800,2,0,0,300,300,白银2,15,0,0
14,8,1,1400,64,1400,800,2,0,0,300,350,白银1,15,0,0
14,9,1,1450,32,1450,800,3,0,0,300,200,黄金5,9,0,0
14,10,0,1500,32,1500,800,3,0,0,300,200,黄金4,9,0,0
14,11,0,1550,32,1550,800,3,0,0,300,250,黄金3,9,0,0
14,12,0,1600,32,1600,800,3,0,0,300,300,黄金2,9,0,0
14,13,0,1650,32,1650,800,3,0,0,300,350,黄金1,9,0,0
14,14,1,1700,32,1700,800,4,0,0,300,400,白金5,9,0,0
14,15,0,1750,32,1750,800,4,0,0,300,450,白金4,9,0,0
14,16,0,1800,32,1800,800,4,0,0,300,500,白金3,9,0,0
14,17,0,1850,32,1850,800,4,0,0,300,550,白金2,9,0,0
14,18,0,1900,32,1900,800,4,0,0,300,600,白金1,9,0,0
14,19,1,1950,16,1950,800,5,0,0,0,0,钻石5,9,0,0
14,20,0,2000,16,2000,800,5,0,0,0,0,钻石4,9,0,0
14,21,0,2050,16,2050,800,5,0,0,0,0,钻石3,9,0,0
14,22,0,2100,16,2100,800,5,0,0,0,0,钻石2,9,0,0
14,23,0,2150,16,2150,800,5,0,0,0,0,钻石1,9,0,0
14,24,0,2200,16,2200,800,6,0,0,0,0,大师5,9,0,0
14,25,0,2250,16,2250,800,6,0,0,0,0,大师4,9,0,0
14,26,0,2300,16,2300,800,6,0,0,0,0,大师3,9,0,0
14,27,0,2350,16,2350,800,6,0,0,0,0,大师2,9,0,0
14,28,0,2351,16,2400,800,6,0,0,0,0,大师1,1,1,100000
14,29,0,2351,16,2450,800,6,0,0,0,0,王者5,1,1,200
14,30,0,2351,16,2500,800,6,0,0,0,0,王者4,1,1,150
14,31,0,2351,16,2550,800,6,0,0,0,0,王者3,1,1,100
14,32,0,2351,16,2600,800,6,0,0,0,0,王者2,1,1,50
14,33,0,2351,16,2650,800,6,0,0,0,0,王者1,1,1,10
