<Type Name="RelaxngInference" FullName="Commons.Xml.Relaxng.Inference.RelaxngInference">
  <TypeSignature Language="C#" Value="public class RelaxngInference" />
  <AssemblyInfo>
    <AssemblyName>Commons.Xml.Relaxng</AssemblyName>
    <AssemblyVersion>1.0.5000.0</AssemblyVersion>
  </AssemblyInfo>
  <Base>
    <BaseTypeName>System.Object</BaseTypeName>
  </Base>
  <Interfaces />
  <Members>
    <Member MemberName=".ctor">
      <MemberSignature Language="C#" Value="public RelaxngInference ();" />
      <MemberType>Constructor</MemberType>
      <Parameters />
      <Docs>
        <summary>To be added.</summary>
        <remarks>To be added.</remarks>
      </Docs>
    </Member>
    <Member MemberName="InferSchema">
      <MemberSignature Language="C#" Value="public Commons.Xml.Relaxng.RelaxngGrammar InferSchema (System.Xml.XmlReader xmlReader);" />
      <MemberType>Method</MemberType>
      <ReturnValue>
        <ReturnType>Commons.Xml.Relaxng.RelaxngGrammar</ReturnType>
      </ReturnValue>
      <Parameters>
        <Parameter Name="xmlReader" Type="System.Xml.XmlReader" />
      </Parameters>
      <Docs>
        <param name="xmlReader">To be added.</param>
        <summary>To be added.</summary>
        <returns>To be added.</returns>
        <remarks>To be added.</remarks>
      </Docs>
    </Member>
    <Member MemberName="InferSchema">
      <MemberSignature Language="C#" Value="public Commons.Xml.Relaxng.RelaxngGrammar InferSchema (System.Xml.XmlReader xmlReader, Commons.Xml.Relaxng.RelaxngGrammar grammar);" />
      <MemberType>Method</MemberType>
      <ReturnValue>
        <ReturnType>Commons.Xml.Relaxng.RelaxngGrammar</ReturnType>
      </ReturnValue>
      <Parameters>
        <Parameter Name="xmlReader" Type="System.Xml.XmlReader" />
        <Parameter Name="grammar" Type="Commons.Xml.Relaxng.RelaxngGrammar" />
      </Parameters>
      <Docs>
        <param name="xmlReader">To be added.</param>
        <param name="grammar">To be added.</param>
        <summary>To be added.</summary>
        <returns>To be added.</returns>
        <remarks>To be added.</remarks>
      </Docs>
    </Member>
    <Member MemberName="Occurrence">
      <MemberSignature Language="C#" Value="public Commons.Xml.Relaxng.Inference.RelaxngInference+InferenceOption Occurrence { set; get; };" />
      <MemberType>Property</MemberType>
      <ReturnValue>
        <ReturnType>Commons.Xml.Relaxng.Inference.RelaxngInference+InferenceOption</ReturnType>
      </ReturnValue>
      <Docs>
        <summary>To be added.</summary>
        <value>To be added.</value>
        <remarks>To be added.</remarks>
      </Docs>
    </Member>
    <Member MemberName="TypeInference">
      <MemberSignature Language="C#" Value="public Commons.Xml.Relaxng.Inference.RelaxngInference+InferenceOption TypeInference { set; get; };" />
      <MemberType>Property</MemberType>
      <ReturnValue>
        <ReturnType>Commons.Xml.Relaxng.Inference.RelaxngInference+InferenceOption</ReturnType>
      </ReturnValue>
      <Docs>
        <summary>To be added.</summary>
        <value>To be added.</value>
        <remarks>To be added.</remarks>
      </Docs>
    </Member>
  </Members>
  <Docs>
    <summary>To be added.</summary>
    <remarks>To be added.</remarks>
  </Docs>
</Type>
