<Type Name="XsdSimpleRestrictionType" FullName="Commons.Xml.Relaxng.XmlSchema.XsdSimpleRestrictionType">
  <TypeSignature Language="C#" Value="public class XsdSimpleRestrictionType : Commons.Xml.Relaxng.RelaxngDatatype" />
  <AssemblyInfo>
    <AssemblyName>Commons.Xml.Relaxng</AssemblyName>
    <AssemblyVersion>1.0.5000.0</AssemblyVersion>
  </AssemblyInfo>
  <Base>
    <BaseTypeName>Commons.Xml.Relaxng.RelaxngDatatype</BaseTypeName>
  </Base>
  <Interfaces />
  <Members>
    <Member MemberName=".ctor">
      <MemberSignature Language="C#" Value="public XsdSimpleRestrictionType (Commons.Xml.Relaxng.RelaxngDatatype primitive, Commons.Xml.Relaxng.RelaxngParamList parameters);" />
      <MemberType>Constructor</MemberType>
      <Parameters>
        <Parameter Name="primitive" Type="Commons.Xml.Relaxng.RelaxngDatatype" />
        <Parameter Name="parameters" Type="Commons.Xml.Relaxng.RelaxngParamList" />
      </Parameters>
      <Docs>
        <param name="primitive">To be added.</param>
        <param name="parameters">To be added.</param>
        <summary>To be added.</summary>
        <remarks>To be added.</remarks>
      </Docs>
    </Member>
  </Members>
  <Docs>
    <summary>To be added.</summary>
    <remarks>To be added.</remarks>
  </Docs>
</Type>
