<Type Name="NvdlValidationProvider" FullName="Commons.Xml.Nvdl.NvdlValidationProvider">
  <TypeSignature Language="C#" Value="public class NvdlValidationProvider" />
  <AssemblyInfo>
    <AssemblyName>Commons.Xml.Relaxng</AssemblyName>
    <AssemblyVersion>1.0.5000.0</AssemblyVersion>
  </AssemblyInfo>
  <Base>
    <BaseTypeName>System.Object</BaseTypeName>
  </Base>
  <Interfaces />
  <Members>
    <Member MemberName=".ctor">
      <MemberSignature Language="C#" Value="public NvdlValidationProvider ();" />
      <MemberType>Constructor</MemberType>
      <Parameters />
      <Docs>
        <summary>To be added.</summary>
        <remarks>To be added.</remarks>
      </Docs>
    </Member>
    <Member MemberName="CreateGenerator">
      <MemberSignature Language="C#" Value="public virtual Commons.Xml.Nvdl.NvdlValidatorGenerator CreateGenerator (Commons.Xml.Nvdl.NvdlValidate validate, string schemaType, Commons.Xml.Nvdl.NvdlConfig config);" />
      <MemberType>Method</MemberType>
      <ReturnValue>
        <ReturnType>Commons.Xml.Nvdl.NvdlValidatorGenerator</ReturnType>
      </ReturnValue>
      <Parameters>
        <Parameter Name="validate" Type="Commons.Xml.Nvdl.NvdlValidate" />
        <Parameter Name="schemaType" Type="System.String" />
        <Parameter Name="config" Type="Commons.Xml.Nvdl.NvdlConfig" />
      </Parameters>
      <Docs>
        <param name="validate">To be added.</param>
        <param name="schemaType">To be added.</param>
        <param name="config">To be added.</param>
        <summary>To be added.</summary>
        <returns>To be added.</returns>
        <remarks>To be added.</remarks>
      </Docs>
    </Member>
    <Member MemberName="CreateGenerator">
      <MemberSignature Language="C#" Value="public virtual Commons.Xml.Nvdl.NvdlValidatorGenerator CreateGenerator (System.Xml.XmlReader schema, Commons.Xml.Nvdl.NvdlConfig config);" />
      <MemberType>Method</MemberType>
      <ReturnValue>
        <ReturnType>Commons.Xml.Nvdl.NvdlValidatorGenerator</ReturnType>
      </ReturnValue>
      <Parameters>
        <Parameter Name="schema" Type="System.Xml.XmlReader" />
        <Parameter Name="config" Type="Commons.Xml.Nvdl.NvdlConfig" />
      </Parameters>
      <Docs>
        <param name="schema">To be added.</param>
        <param name="config">To be added.</param>
        <summary>To be added.</summary>
        <returns>To be added.</returns>
        <remarks>To be added.</remarks>
      </Docs>
    </Member>
    <Member MemberName="GetSchemaUri">
      <MemberSignature Language="C#" Value="public string GetSchemaUri (Commons.Xml.Nvdl.NvdlValidate validate);" />
      <MemberType>Method</MemberType>
      <ReturnValue>
        <ReturnType>System.String</ReturnType>
      </ReturnValue>
      <Parameters>
        <Parameter Name="validate" Type="Commons.Xml.Nvdl.NvdlValidate" />
      </Parameters>
      <Docs>
        <param name="validate">To be added.</param>
        <summary>To be added.</summary>
        <returns>To be added.</returns>
        <remarks>To be added.</remarks>
      </Docs>
    </Member>
  </Members>
  <Docs>
    <summary>To be added.</summary>
    <remarks>To be added.</remarks>
  </Docs>
</Type>
