<Type Name="NvdlMessageEventHandler" FullName="Commons.Xml.Nvdl.NvdlMessageEventHandler">
  <TypeSignature Language="C#" Value="public delegate void NvdlMessageEventHandler(object o, Commons.Xml.Nvdl.NvdlMessageEventArgs e);" />
  <AssemblyInfo>
    <AssemblyName>Commons.Xml.Relaxng</AssemblyName>
    <AssemblyVersion>1.0.5000.0</AssemblyVersion>
  </AssemblyInfo>
  <Base>
    <BaseTypeName>System.Delegate</BaseTypeName>
  </Base>
  <Parameters>
    <Parameter Name="o" Type="System.Object" />
    <Parameter Name="e" Type="Commons.Xml.Nvdl.NvdlMessageEventArgs" />
  </Parameters>
  <ReturnValue>
    <ReturnType>System.Void</ReturnType>
  </ReturnValue>
  <Docs>
    <param name="o">To be added.</param>
    <param name="e">To be added.</param>
    <summary>To be added.</summary>
    <remarks>To be added.</remarks>
  </Docs>
</Type>
