<Type Name="NvdlAllow" FullName="Commons.Xml.Nvdl.NvdlAllow">
  <TypeSignature Language="C#" Value="public class NvdlAllow : Commons.Xml.Nvdl.NvdlNoResultAction" />
  <AssemblyInfo>
    <AssemblyName>Commons.Xml.Relaxng</AssemblyName>
    <AssemblyVersion>1.0.5000.0</AssemblyVersion>
  </AssemblyInfo>
  <Base>
    <BaseTypeName>Commons.Xml.Nvdl.NvdlNoResultAction</BaseTypeName>
  </Base>
  <Interfaces />
  <Members>
    <Member MemberName=".ctor">
      <MemberSignature Language="C#" Value="public NvdlAllow ();" />
      <MemberType>Constructor</MemberType>
      <Parameters />
      <Docs>
        <summary>The default constructor.</summary>
        <remarks>To be added.</remarks>
      </Docs>
    </Member>
  </Members>
  <Docs>
    <summary>Represents an NVDL "allow" element.</summary>
    <remarks>This class represents NVDL "allow" element. For the entire NVDL grammar, see http://www.asahi-net.or.jp/~eb2m-mrt/dsdl/fcd/nvdl-fcd.pdf .</remarks>
  </Docs>
</Type>
