<Type Name="NvdlResultType" FullName="Commons.Xml.Nvdl.NvdlResultType">
  <TypeSignature Language="C#" Value="public enum NvdlResultType" />
  <AssemblyInfo>
    <AssemblyName>Commons.Xml.Relaxng</AssemblyName>
    <AssemblyVersion>1.0.5000.0</AssemblyVersion>
  </AssemblyInfo>
  <Base>
    <BaseTypeName>System.Enum</BaseTypeName>
  </Base>
  <Members>
    <Member MemberName="Attach">
      <MemberSignature Language="C#" Value="Attach" />
      <MemberType>Field</MemberType>
      <ReturnValue>
        <ReturnType>Commons.Xml.Nvdl.NvdlResultType</ReturnType>
      </ReturnValue>
      <Docs>
        <summary>To be added.</summary>
      </Docs>
    </Member>
    <Member MemberName="AttachPlaceHolder">
      <MemberSignature Language="C#" Value="AttachPlaceHolder" />
      <MemberType>Field</MemberType>
      <ReturnValue>
        <ReturnType>Commons.Xml.Nvdl.NvdlResultType</ReturnType>
      </ReturnValue>
      <Docs>
        <summary>To be added.</summary>
      </Docs>
    </Member>
    <Member MemberName="Unwrap">
      <MemberSignature Language="C#" Value="Unwrap" />
      <MemberType>Field</MemberType>
      <ReturnValue>
        <ReturnType>Commons.Xml.Nvdl.NvdlResultType</ReturnType>
      </ReturnValue>
      <Docs>
        <summary>To be added.</summary>
      </Docs>
    </Member>
  </Members>
  <Docs>
    <summary>To be added.</summary>
    <remarks>To be added.</remarks>
  </Docs>
</Type>
