<Type Name="NvdlMessageEventArgs" FullName="Commons.Xml.Nvdl.NvdlMessageEventArgs">
  <TypeSignature Language="C#" Value="public class NvdlMessageEventArgs : System.EventArgs" />
  <AssemblyInfo>
    <AssemblyName>Commons.Xml.Relaxng</AssemblyName>
    <AssemblyVersion>1.0.5000.0</AssemblyVersion>
  </AssemblyInfo>
  <Base>
    <BaseTypeName>System.EventArgs</BaseTypeName>
  </Base>
  <Interfaces />
  <Members>
    <Member MemberName=".ctor">
      <MemberSignature Language="C#" Value="public NvdlMessageEventArgs (string message);" />
      <MemberType>Constructor</MemberType>
      <Parameters>
        <Parameter Name="message" Type="System.String" />
      </Parameters>
      <Docs>
        <param name="message">To be added.</param>
        <summary>To be added.</summary>
        <remarks>To be added.</remarks>
      </Docs>
    </Member>
    <Member MemberName="Message">
      <MemberSignature Language="C#" Value="public string Message { get; };" />
      <MemberType>Property</MemberType>
      <ReturnValue>
        <ReturnType>System.String</ReturnType>
      </ReturnValue>
      <Docs>
        <summary>To be added.</summary>
        <value>To be added.</value>
        <remarks>To be added.</remarks>
      </Docs>
    </Member>
  </Members>
  <Docs>
    <summary>To be added.</summary>
    <remarks>To be added.</remarks>
  </Docs>
</Type>
