<Type Name="NvdlOption" FullName="Commons.Xml.Nvdl.NvdlOption">
  <TypeSignature Language="C#" Value="public class NvdlOption : Commons.Xml.Nvdl.NvdlAttributable" />
  <AssemblyInfo>
    <AssemblyName>Commons.Xml.Relaxng</AssemblyName>
    <AssemblyVersion>1.0.5000.0</AssemblyVersion>
  </AssemblyInfo>
  <Base>
    <BaseTypeName>Commons.Xml.Nvdl.NvdlAttributable</BaseTypeName>
  </Base>
  <Interfaces />
  <Members>
    <Member MemberName=".ctor">
      <MemberSignature Language="C#" Value="public NvdlOption ();" />
      <MemberType>Constructor</MemberType>
      <Parameters />
      <Docs>
        <summary>To be added.</summary>
        <remarks>To be added.</remarks>
      </Docs>
    </Member>
    <Member MemberName="Name">
      <MemberSignature Language="C#" Value="public string Name { set; get; };" />
      <MemberType>Property</MemberType>
      <ReturnValue>
        <ReturnType>System.String</ReturnType>
      </ReturnValue>
      <Docs>
        <summary>To be added.</summary>
        <value>To be added.</value>
        <remarks>To be added.</remarks>
      </Docs>
    </Member>
    <Member MemberName="Arg">
      <MemberSignature Language="C#" Value="public string Arg { set; get; };" />
      <MemberType>Property</MemberType>
      <ReturnValue>
        <ReturnType>System.String</ReturnType>
      </ReturnValue>
      <Docs>
        <summary>To be added.</summary>
        <value>To be added.</value>
        <remarks>To be added.</remarks>
      </Docs>
    </Member>
    <Member MemberName="MustSupport">
      <MemberSignature Language="C#" Value="public string MustSupport { set; get; };" />
      <MemberType>Property</MemberType>
      <ReturnValue>
        <ReturnType>System.String</ReturnType>
      </ReturnValue>
      <Docs>
        <summary>To be added.</summary>
        <value>To be added.</value>
        <remarks>To be added.</remarks>
      </Docs>
    </Member>
  </Members>
  <Docs>
    <summary>To be added.</summary>
    <remarks>To be added.</remarks>
  </Docs>
</Type>
