<Type Name="NvdlValidatorGenerator" FullName="Commons.Xml.Nvdl.NvdlValidatorGenerator">
  <TypeSignature Language="C#" Value="public abstract class NvdlValidatorGenerator" />
  <AssemblyInfo>
    <AssemblyName>Commons.Xml.Relaxng</AssemblyName>
    <AssemblyVersion>1.0.5000.0</AssemblyVersion>
  </AssemblyInfo>
  <Base>
    <BaseTypeName>System.Object</BaseTypeName>
  </Base>
  <Interfaces />
  <Members>
    <Member MemberName=".ctor">
      <MemberSignature Language="C#" Value="protected NvdlValidatorGenerator ();" />
      <MemberType>Constructor</MemberType>
      <Parameters />
      <Docs>
        <summary>To be added.</summary>
        <remarks>To be added.</remarks>
      </Docs>
    </Member>
    <Member MemberName="CreateValidator">
      <MemberSignature Language="C#" Value="public abstract System.Xml.XmlReader CreateValidator (System.Xml.XmlReader reader, System.Xml.XmlResolver resolver);" />
      <MemberType>Method</MemberType>
      <ReturnValue>
        <ReturnType>System.Xml.XmlReader</ReturnType>
      </ReturnValue>
      <Parameters>
        <Parameter Name="reader" Type="System.Xml.XmlReader" />
        <Parameter Name="resolver" Type="System.Xml.XmlResolver" />
      </Parameters>
      <Docs>
        <param name="reader">To be added.</param>
        <param name="resolver">To be added.</param>
        <summary>To be added.</summary>
        <returns>To be added.</returns>
        <remarks>To be added.</remarks>
      </Docs>
    </Member>
    <Member MemberName="CreateAttributeValidator">
      <MemberSignature Language="C#" Value="public virtual System.Xml.XmlReader CreateAttributeValidator (System.Xml.XmlReader reader, System.Xml.XmlResolver resolver);" />
      <MemberType>Method</MemberType>
      <ReturnValue>
        <ReturnType>System.Xml.XmlReader</ReturnType>
      </ReturnValue>
      <Parameters>
        <Parameter Name="reader" Type="System.Xml.XmlReader" />
        <Parameter Name="resolver" Type="System.Xml.XmlResolver" />
      </Parameters>
      <Docs>
        <param name="reader">To be added.</param>
        <param name="resolver">To be added.</param>
        <summary>To be added.</summary>
        <returns>To be added.</returns>
        <remarks>To be added.</remarks>
      </Docs>
    </Member>
    <Member MemberName="AddOption">
      <MemberSignature Language="C#" Value="public abstract bool AddOption (string name, string arg);" />
      <MemberType>Method</MemberType>
      <ReturnValue>
        <ReturnType>System.Boolean</ReturnType>
      </ReturnValue>
      <Parameters>
        <Parameter Name="name" Type="System.String" />
        <Parameter Name="arg" Type="System.String" />
      </Parameters>
      <Docs>
        <param name="name">To be added.</param>
        <param name="arg">To be added.</param>
        <summary>To be added.</summary>
        <returns>To be added.</returns>
        <remarks>To be added.</remarks>
      </Docs>
    </Member>
  </Members>
  <Docs>
    <summary>To be added.</summary>
    <remarks>To be added.</remarks>
  </Docs>
</Type>
