<Type Name="NvdlElementBase" FullName="Commons.Xml.Nvdl.NvdlElementBase">
  <TypeSignature Language="C#" Value="public class NvdlElementBase : System.Xml.IXmlLineInfo" />
  <AssemblyInfo>
    <AssemblyName>Commons.Xml.Relaxng</AssemblyName>
    <AssemblyVersion>1.0.5000.0</AssemblyVersion>
  </AssemblyInfo>
  <Base>
    <BaseTypeName>System.Object</BaseTypeName>
  </Base>
  <Interfaces>
    <Interface>
      <InterfaceName>System.Xml.IXmlLineInfo</InterfaceName>
    </Interface>
  </Interfaces>
  <Members>
    <Member MemberName=".ctor">
      <MemberSignature Language="C#" Value="public NvdlElementBase ();" />
      <MemberType>Constructor</MemberType>
      <Parameters />
      <Docs>
        <summary>To be added.</summary>
        <remarks>To be added.</remarks>
      </Docs>
    </Member>
    <Member MemberName="HasLineInfo">
      <MemberSignature Language="C#" Value="public bool HasLineInfo ();" />
      <MemberType>Method</MemberType>
      <ReturnValue>
        <ReturnType>System.Boolean</ReturnType>
      </ReturnValue>
      <Parameters />
      <Docs>
        <summary>To be added.</summary>
        <returns>To be added.</returns>
        <remarks>To be added.</remarks>
      </Docs>
    </Member>
    <Member MemberName="LineNumber">
      <MemberSignature Language="C#" Value="public int LineNumber { set; get; };" />
      <MemberType>Property</MemberType>
      <ReturnValue>
        <ReturnType>System.Int32</ReturnType>
      </ReturnValue>
      <Docs>
        <summary>To be added.</summary>
        <value>To be added.</value>
        <remarks>To be added.</remarks>
      </Docs>
    </Member>
    <Member MemberName="LinePosition">
      <MemberSignature Language="C#" Value="public int LinePosition { set; get; };" />
      <MemberType>Property</MemberType>
      <ReturnValue>
        <ReturnType>System.Int32</ReturnType>
      </ReturnValue>
      <Docs>
        <summary>To be added.</summary>
        <value>To be added.</value>
        <remarks>To be added.</remarks>
      </Docs>
    </Member>
    <Member MemberName="SourceUri">
      <MemberSignature Language="C#" Value="public string SourceUri { set; get; };" />
      <MemberType>Property</MemberType>
      <ReturnValue>
        <ReturnType>System.String</ReturnType>
      </ReturnValue>
      <Docs>
        <summary>To be added.</summary>
        <value>To be added.</value>
        <remarks>To be added.</remarks>
      </Docs>
    </Member>
  </Members>
  <Docs>
    <summary>To be added.</summary>
    <remarks>To be added.</remarks>
  </Docs>
</Type>
