<Type Name="NvdlException" FullName="Commons.Xml.Nvdl.NvdlException">
  <TypeSignature Language="C#" Value="public class NvdlException : System.Exception" />
  <AssemblyInfo>
    <AssemblyName>Commons.Xml.Relaxng</AssemblyName>
    <AssemblyVersion>1.0.5000.0</AssemblyVersion>
  </AssemblyInfo>
  <Base>
    <BaseTypeName>System.Exception</BaseTypeName>
  </Base>
  <Interfaces />
  <Members>
    <Member MemberName=".ctor">
      <MemberSignature Language="C#" Value="public NvdlException (string message);" />
      <MemberType>Constructor</MemberType>
      <Parameters>
        <Parameter Name="message" Type="System.String" />
      </Parameters>
      <Docs>
        <param name="message">To be added.</param>
        <summary>To be added.</summary>
        <remarks>To be added.</remarks>
      </Docs>
    </Member>
    <Member MemberName=".ctor">
      <MemberSignature Language="C#" Value="public NvdlException (string message, Exception inner);" />
      <MemberType>Constructor</MemberType>
      <Parameters>
        <Parameter Name="message" Type="System.String" />
        <Parameter Name="inner" Type="System.Exception" />
      </Parameters>
      <Docs>
        <param name="message">To be added.</param>
        <param name="inner">To be added.</param>
        <summary>To be added.</summary>
        <remarks>To be added.</remarks>
      </Docs>
    </Member>
  </Members>
  <Docs>
    <summary>To be added.</summary>
    <remarks>To be added.</remarks>
  </Docs>
</Type>
