<Type Name="NvdlReader" FullName="Commons.Xml.Nvdl.NvdlReader">
  <TypeSignature Language="C#" Value="public class NvdlReader" />
  <AssemblyInfo>
    <AssemblyName>Commons.Xml.Relaxng</AssemblyName>
    <AssemblyVersion>1.0.5000.0</AssemblyVersion>
  </AssemblyInfo>
  <Base>
    <BaseTypeName>System.Object</BaseTypeName>
  </Base>
  <Interfaces />
  <Members>
    <Member MemberName="Read">
      <MemberSignature Language="C#" Value="public static Commons.Xml.Nvdl.NvdlRules Read (System.Xml.XmlReader reader);" />
      <MemberType>Method</MemberType>
      <ReturnValue>
        <ReturnType>Commons.Xml.Nvdl.NvdlRules</ReturnType>
      </ReturnValue>
      <Parameters>
        <Parameter Name="reader" Type="System.Xml.XmlReader" />
      </Parameters>
      <Docs>
        <param name="reader">To be added.</param>
        <summary>To be added.</summary>
        <returns>To be added.</returns>
        <remarks>To be added.</remarks>
      </Docs>
    </Member>
  </Members>
  <Docs>
    <summary>To be added.</summary>
    <remarks>To be added.</remarks>
  </Docs>
</Type>
